C1CC(C(CNc2ccc3c(c2)nc(c2ccncc2)[nH]3)O)OC1,1
C1CC(C(CNc2ccc3c(c2)nc(c2ccncc2)[nH]3)O)OC1,1
C1CC2(C1)CCN(CC2CO)c1c2cc[nH]c2nc(N)n1,1
C1CC2(C1)CCN(CC2CO)c1c2cc[nH]c2nc(N)n1,1
C1CC=C(C(C1)Nc1c2c(c[nH]c2ncn1)C(N)=O)[Br],1
C1CC=C(C(C1)Nc1c2c(c[nH]c2ncn1)C(N)=O)[Br],1
CC(CC(NC)=O)Nc1c2c3ccc(cc3[nH]c2ncn1)[Br],1
CC(CC(NC)=O)Nc1c2c3ccc(cc3[nH]c2ncn1)[Br],1
CCCN1CC(CC1=O)CNc1c2c3ccc(cc3[nH]c2ncn1)F,1
CCCN1CC(CC1=O)CNc1c2c3ccc(cc3[nH]c2ncn1)F,1
C(CN1CCOC1=O)Nc1c2c3ccc(cc3[nH]c2ncn1)F,1
C(CN1CCOC1=O)Nc1c2c3ccc(cc3[nH]c2ncn1)F,1
C(CNc1c2c3ccc(cc3[nH]c2ncn1)[Br])Cn1cnnc1,1
C(CNc1c2c3ccc(cc3[nH]c2ncn1)[Br])Cn1cnnc1,1
C1CC1(CNc1c2c3ccc(cc3[nH]c2ncn1)[Br])C(N)=O,1
C1CC1(CNc1c2c3ccc(cc3[nH]c2ncn1)[Br])C(N)=O,1
CNC([C@@H]1CCCC[C@@H]1Nc1c2c3ccc(cc3[nH]c2ncn1)F)=O,1
CNC([C@@H]1CCCC[C@@H]1Nc1c2c3ccc(cc3[nH]c2ncn1)F)=O,1
CC(C1(CCC1)OC)Nc1c2c3ccc(cc3[nH]c2ncn1)F,1
CC(C1(CCC1)OC)Nc1c2c3ccc(cc3[nH]c2ncn1)F,1
COCC(C1(CC1)Nc1c2c3ccc(cc3[nH]c2ncn1)[Br])O,1
COCC(C1(CC1)Nc1c2c3ccc(cc3[nH]c2ncn1)[Br])O,1
CC1(CC(C1)O)Nc1c2c3ccc(cc3[nH]c2ncn1)F,1
CC1(CC(C1)O)Nc1c2c3ccc(cc3[nH]c2ncn1)F,1
CCC(c1nccs1)Nc1c2c3ccc(cc3[nH]c2ncn1)F,1
CCC(c1nccs1)Nc1c2c3ccc(cc3[nH]c2ncn1)F,1
C1CN(CCF)C(C1Nc1c2c3ccc(cc3[nH]c2ncn1)F)=O,1
C1CN(CCF)C(C1Nc1c2c3ccc(cc3[nH]c2ncn1)F)=O,1
C(c1cc(ccc1F)O)Nc1c2c(c[nH]c2ncn1)C(N)=O,1
C(c1cc(ccc1F)O)Nc1c2c(c[nH]c2ncn1)C(N)=O,1
c1cc2c(cc1F)cc(o2)S(Nc1cc2cn[nH]c2nc1)(=O)=O,0
CC1(CCCC1)CS(NC1CCCC(C1)O)(=O)=O,0
C1CC(CC(C1)O)NS(CC1(CCC1)C#N)(=O)=O,0
CC1(CCC1)CS(NC1CCCC(C1)O)(=O)=O,0
c1cc(ccc1F)S(Nc1cc2cn[nH]c2nc1)(=O)=O,0
C(c1ccccc1[Br])S(Nc1cc2cn[nH]c2nc1)(=O)=O,0
C(c1ccc(cc1O)C(Nc1ccc(cc1)Oc1nccc(C(F)(F)F)n1)=O)#N,0
C(c1ccc(cc1O)C(Nc1ccc(cc1)Oc1nccc(C(F)(F)F)n1)=O)#N,0
Cc1c2c(NC(c3ccc(c(c3)OC)OC(F)F)=O)ncnc2[nH]c1C,0
Cc1c2c(NC(c3ccc(c(c3)OC)OC(F)F)=O)ncnc2[nH]c1C,0
C(C(Nc1cc2cn[nH]c2nc1)=O)c1c[nH]c2ccc(cc12)[Br],0
C(C(Nc1cc2cn[nH]c2nc1)=O)c1cccc(c1)[Cl],0
C1C(Cc2ccccc12)C(Nc1cc2cn[nH]c2nc1)=O,0
C1C(Cc2ccccc12)C(Nc1cc2cn[nH]c2nc1)=O,0
c1cc(ccc1S(N)(=O)=O)S(Nc1cc2cn[nH]c2nc1)(=O)=O,0
C1COCc2cc(cnc12)NC(Cc1c[nH]c2ccc(cc12)[Br])=O,0
CNS(c1ccc(cc1)C(Nc1cc2COCCc2nc1)=O)(=O)=O,0
COc1ccc(CC(Nc2cc3COCCc3nc2)=O)cc1OC,0
C1COCc2cc(cnc12)NC(c1ccc(cc1)S(N)(=O)=O)=O,0
C1COCc2cc(cnc12)NS(c1cc2cc(ccc2o1)F)(=O)=O,0
Cn1c(cc2ccccc12)S(Nc1cc2COCCc2nc1)(=O)=O,0
C1COCc2cc(cnc12)NS(c1ccc(cc1)S(N)(=O)=O)(=O)=O,0
COC(c1ccc(CS(Nc2cc3COCCc3nc2)(=O)=O)cc1)=O,0
C1COCc2cc(cnc12)NS(Cc1ccc(c(c1)[Cl])F)(=O)=O,0
C(c1ccc(cc1)F)S(Nc1cc2cn[nH]c2nc1)(=O)=O,0
C(c1cccc(c1)O)Nc1c2cc[nH]c2ncn1,0
C(c1cc(ccc1[Cl])O)Nc1c2cc[nH]c2ncn1,0
CN(Cc1cccc(c1)O)c1ccnc2c1cccn2,0
CNc1nccc(n1)N(CCCO)Cc1cccc(c1)[Cl],0
C(c1ccno1)N1C(=O)Oc2cc(cnc12)[Br],0
C(c1ccns1)n1cnc2c(N)nc(N)nc12,0
CCc1cc(Cn2cnc3c(N)nc(N)nc23)on1,0
Cc1cc(Cn2cnc3c(N)nc(N)nc23)on1,0
C1C(Cc2ccccc12)S(Nc1cc2cn[nH]c2nc1)(=O)=O,0
C(c1ccns1)N1C=Nc2cccnc2C1=O,0
Cn1cc2C(N(Cc3ccno3)C=Nc2c1)=O,0
Cc1cc(CN2C(=O)Oc3cccnc23)on1,0
Cc1cc(CN2C(=O)Oc3cccnc23)on1,0
COCC1(CCC1)CS(NC1Cc2ccccc2NC1=O)(=O)=O,0
C1CC(C1)CS(NC1Cc2ccccc2NC1=O)(=O)=O,0
C(c1ccc(cc1)[Br])S(Nc1cc2cn[nH]c2nc1)(=O)=O,0
CC1(CCC1)CS(NC1Cc2ccccc2NC1=O)(=O)=O,0
C(CNS(CCC(F)(F)F)(=O)=O)c1cc(ncn1)O,0
C(c1ccno1)n1cnc2c(N)nc(nc12)F,0
CCc1cc(Cn2cnc3c(N)nc(nc23)F)on1,0
CC(c1cc(Cn2cnc3c(N)nc(nc23)[Cl])on1)=O,0
C(c1ccns1)N1C=Nc2c(C1=O)ncs2,0
COc1cc(CN2C=Nc3c(C2=O)ncs3)ncn1,0
Cc1cc(Cn2cnc3c(ncnc23)N(C)C)on1,0
Cc1cc(CN2C(N3C=CN=CC3=N2)=O)on1,0
C(c1cc(ccc1O)c1cnc(nc1)Oc1cccc(c1)N)#N,0
COc1cc(CC(Nc2cc3cn[nH]c3nc2)=O)ccc1O,0
C(C(Nc1cc2cn[nH]c2nc1)=O)c1c[nH]c2ccc(cc12)[Cl],0
CC(Cn1cnc2ccccc12)(CO)NC(c1c2cc[nH]c2ncn1)=O,0
C1COCc2cc(cnc12)NS(C1Cc2ccccc2C1)(=O)=O,0
C(C(Nc1cc2cn[nH]c2nc1)=O)c1c[nH]c2ccccc12,0
C(C(Nc1cc2cn[nH]c2nc1)=O)c1ccc2c(c1)OCO2,0
C(C(Nc1cc2cn[nH]c2nc1)=O)c1c[nH]c2cc(ccc12)[Br],0
C(C(Nc1ccc2c(C=CC(=O)O2)c1)=O)c1nc[nH]n1,0
C(C(Nc1c2c(ncn1)[nH]cn2)=O)c1cccc(c1)[Cl],0
Cc1cc(Nc2c3cnn(C)c3ncn2)nn1CC(NC)=O,0
c1cc2c(cc1NS(c1ccc(cc1)S(N)(=O)=O)(=O)=O)cn[nH]2,0
C1=Cc2cc(ccc2OC1=O)NC(c1nc[nH]n1)=O,0
Cc1c2c(NC(c3cccc(c3F)OC)=O)ncnc2[nH]c1C,0
C(c1ccc(nc1)n1cnc2ccccc12)NC(c1ccc(cc1)NC(Nc1ccccc1)=O)=O,0
C(c1ccc(nc1)n1cnc2ccccc12)NC(c1ccc(cc1)NC(Nc1ccccc1)=O)=O,0
CC(C)CN(CCc1nn[nH]n1)C(c1c2cc[nH]c2nc(C)n1)=O,0
CNC(Nc1ccc(cc1)C(NCc1c[nH]nn1)=O)=O,0
C(Cn1ccc(NC(c2ccc3c(c2)SCC(N3)=O)=O)n1)CO,0
C(CNC(c1cc2c(nc1)[nH]cn2)=O)c1c[nH]nc1C(F)(F)F,0
C1CC1NC(Nc1ccc(cc1)NC(c1cc(ncc1[Br])O)=O)=O,0
C(C(Nc1ccc2c(c1)c(N)nc(N)n2)=O)OCc1ccccc1,0
C(C(Nc1ccc2c(c1)c(N)nc(N)n2)=O)OCc1ccccc1,0
CC(C)OCc1ccc(cc1)NC(NCc1cnc(C)nc1N)=O,0
C(C(Nc1ccc2c(c1)c(N)nc(N)n2)=O)Oc1ccccc1F,0
C(C(Nc1ccc2c(c1)c(N)nc(N)n2)=O)Oc1ccccc1F,0
C(C(CO)(F)F)NC(Nc1ccc(cc1)c1cn[nH]c1)=O,0
CN(Cc1nnc(N)[nH]1)C(c1ccc(cc1)NC1CCCN=1)=O,0
Cc1c(CNC(Nc2ccc3c(c2)c(nc(C)n3)O)=O)cccn1,0
Cn1c(ccn1)c1c(CNC(C2(CCOCC2)O)=O)c[nH]n1,0
CC(N(C)CC(N(C)CCN(C)C(c1cncnc1N)=O)=O)=O,0
C1c2c(CN1C(COc1cc(cc(c1)[Cl])[Cl])=O)nc(N)nc2O,0
C1c2c(CN1C(COc1cc(cc(c1)[Cl])[Cl])=O)nc(N)nc2O,0
Cc1nc(COC(c2ccc(cc2)NC(NC)=O)=O)cc(n1)O,0
CN(C(c1cc(CO)cc(CO)c1)=O)c1ccc2cc[nH]c2c1,0
COc1ccc(CCC(NCc2nnn[nH]2)=O)cc1O,0
C(C(NCc1nc(cc(n1)O)O)=O)c1cc(cc(c1)F)C(F)(F)F,0
Cc1ccccc1CN(C)C(CSc1nc2c(N)ncnc2[nH]1)=O,0
CN(Cc1cn[nH]c1)C(Cc1ccc2c(c1)sc(n2)[Cl])=O,0
C1CC(C1)(CCn1cc(c2ccc3c(N)n[nH]c3c2)nn1)O,0
Cc1cccc(C)c1OCCCNc1cc2c(ncnc2cn1)O,0
C(COCC(N1CCc2c(C1)c(N)nc(N)n2)=O)c1ccccc1,0
Cc1nc(CCCNC(C(Nc2cc(ccn2)C(F)F)=O)=O)n[nH]1,0
C(CNC(C(N1CCc2c(C1)c(N)ncn2)=O)=O)c1ccncc1,0
CCNC(Nc1cccc(c1)NC(CC1CC(NC(C1)=O)=O)=O)=O,0
C(Cc1ccncc1)CNC(c1ccc2ccnc(c2n1)O)=O,0
C(Cc1ccncc1)CNC(c1ccc2ccnc(c2n1)O)=O,0
Cc1ccc2c(c1)c(co2)C(NCCc1cc(nc(N)n1)O)=O,0
C1Cc2ccc(cc2C1)NC(NCCc1cc(nc(N)n1)O)=O,0
CCCc1c(cc[nH]1)C(NCCc1cc(nc(N)n1)O)=O,0
CC(C)(C(NCCc1nc(N)n[nH]1)=O)Oc1cc(cc(c1)F)F,0
Cc1cc(ccc1NC(NC1CC(C1)O)=O)OCC(N)=O,0
Cc1nc(c2cc(ccc2n1)NC(NCc1cccnc1[Br])=O)O,0
C1CCn2c(CCNC(c3cc(N)n[nH]3)=O)cnc2C1,0
C(c1ccc(cc1F)F)ONC(c1ccnc2c1nc([nH]2)O)=O,0
CCCCNC(NNC(c1ccc(cc1)S(CCO)(=O)=O)=O)=O,0
CC(C)NC(Nc1ccc(cc1)C(N(C)Cc1cc[nH]n1)=O)=O,0
CS(NCc1ccc(cc1)NC(NCCC(N)=O)=O)(=O)=O,0
Cc1c(CCC(NCc2cnc(nc2O)O)=O)c(C)on1,0
Cc1nnc(c2ccc(cc2)C(NCc2nnn[nH]2)=O)[nH]1,0
Cc1c(cccc1OC(F)F)NC(NCCCc1nc(C)[nH]n1)=O,0
CCOCc1ccc(cc1)NC(NCc1cncnc1N)=O,0
CC(C)(C)OCc1ccc(cc1)NC(NCc1cncnc1N)=O,0
C(C1(COC1)COC(c1ccc(cc1)NC(N)=O)=O)O,0
COCc1nc(c2ccc(Cc3nnc[nH]3)cc2)on1,0
C1CC1NC(Nc1ccc(cc1)C(=O)OCC1NNC(N=1)=O)=O,0
Cc1cc(C)n(c2ccc(cn2)NC(NCc2nc(N)n[nH]2)=O)n1,0
Cc1cccc(C)c1OCCCNc1ccc2nnc(CO)n2n1,0
C(C(CO)(F)F)NC(Nc1ccc(cc1)OCC(N)=O)=O,0
COCc1cccc(CC(=O)OCc2nc(N)nc(N)n2)c1,0
CN(Cc1ccccc1[Br])C(CSc1nc(N)nc(N)n1)=O,0
C(c1nc(n[nH]1)SCC(NC(Nc1ccccc1)=O)=O)O,0
C1CN(Cc2c1ccnc2O)C(COCCOc1ccccc1)=O,0
C(c1cnc(nc1O)O)NC(c1ccc(c2cc[nH]n2)s1)=O,0
C1CN(CC(N)=O)Cc2cc(ccc12)NCc1ccc(C(N)=O)s1,0
CC(C)NC(Nc1ccc(cc1)NC(C1CCC(CC1)O)=O)=O,0
CC(NCCC(Nc1ccc(cc1C)OCC(NC(N)=O)=O)=O)=O,0
CC(C)(CCC(Nc1cccc(c1)NC(NCCC(N)=O)=O)=O)O,0
C1CCC(C1)(CCNC([C@H]1CC[C@@H](CC1)c1ncn[nH]1)=O)O,0
C1C[C@H]([C@@H]1NC(c1ccc(C(N[C@@H]2CC[C@H]2O)=O)s1)=O)O,0
CC(c1ccc(CC(N2CCC(CC2)c2nnc[nH]2)=O)s1)=O,0
C(CSc1ccccc1F)C(N1CCn2c(C1)c(CO)nn2)=O,0
CC(C)(C)NC(Nc1ccc(C(NC2CC(C2)O)=O)c(c1)O)=O,0
COc1ccc(CSCc2nc(N)nc(N)n2)c(c1)[Br],0
CCOC(NCCCC(N1CCn2c(C1)nnc2COC)=O)=O,0
CC(CNC(c1ccc(Cc2nnc[nH]2)cc1)=O)(CO)CO,0
C(C(F)(F)F)n1c(nnn1)SCC(=O)OCc1nc[nH]n1,0
CNC(COc1ccc(cc1)NC(NC1CC(C1)O)=O)=O,0
CNC(N(C)c1ccc(cc1)NC(NCc1c[nH]nn1)=O)=O,0
C1C(CC1O)NC(c1ccc(NC(Nc2ccccc2)=O)s1)=O,0
C1C(CC1O)NC(c1ccc(NC(Nc2ccccc2)=O)s1)=O,0
CC(C)c1ccc(C(Nc2ccc(cc2)C(NCCO)=O)=O)nc1,0
CC(C(NCCc1nc(N)n[nH]1)=O)Oc1ccc(cc1[Cl])[Cl],0
Cc1cc(cc(c1)NC(=O)OC(C)(C)C)NC(NC(CO)C=C)=O,0
COc1ccc(CSCc2nc(N)nc(N)n2)cc1,0
C(CC(N1CCC(CC1)(c1nnn[nH]1)O)=O)Cc1ccccc1[Cl],0
C(CNC(c1ccc(cc1)NCc1nc(c[nH]1)[Br])=O)CO,0
C(CO)[C@@H]1CN(C[C@@H]1CCO)C(Nc1ccc(nc1)[Cl])=O,0
C1CCc2c(C1)nc(CNc1ccc(cc1)C(NCCCO)=O)[nH]2,0
COC(Cc1ccc(cc1F)NC(NCc1c[nH]nn1)=O)=O,0
Cc1cccc(n1)N1CCC(CC1)NC(NC[C@H](CO)O)=O,0
CN(CCO)NC(c1ccc(cc1)NC(NC1CC1)=O)=O,0
C(CSc1ccccc1[Cl])C(N1CCc2c(C1)c(CO)n[nH]2)=O,0
Cn1c(CN2CCN(CC2)c2cnc3c(c(ncn3)O)n2)ccn1,0
Cn1cnnc1CCC(NCCc1c[nH]c2ccncc12)=O,0
Cc1ccc(C)c(c1)OCCN1Cc2c(C1)nc(N)nc2O,0
CC(C)NC(Nc1ccc(cc1)NC(C(=C)CCO)=O)=O,0
Cc1cccc(c1C)OC1CCN(CC1)C(c1cncc(N)n1)=O,0
Cc1ccc(cc1C)OC1CCN(CC1)C(c1cncc(N)n1)=O,0
C1COCc2cc(CC(N3CCc4c(C3)n[nH]c4CO)=O)ccc12,0
CC1CCN(C1CO)c1c2c3ccc(cc3[nH]c2ncn1)[Br],0
CC1CCN(C1CO)c1c2c3ccc(cc3[nH]c2ncn1)[Br],0
CCc1c[nH]c2c1c(NC(C)c1c(C)noc1C)ncn2,0
CC1(C)CN(CC1C(=O)OC)c1c2c3ccc(cc3[nH]c2ncn1)[Br],0
CC1(C)CN(CC1C(=O)OC)c1c2c3ccc(cc3[nH]c2ncn1)[Br],0
CC1=C(CCC1=O)c1ccc(C)c(c1)c1nnc(C)o1,0
CC(C(C)(C)CO)Nc1c2c3ccc(cc3[nH]c2ncn1)[Br],0
CC(C(C)(C)CO)Nc1c2c3ccc(cc3[nH]c2ncn1)[Br],0
C=C(CCNc1c2c3ccc(cc3[nH]c2ncn1)[Br])CO,0
C=C(CCNc1c2c3ccc(cc3[nH]c2ncn1)[Br])CO,0
CCOC1CN(CC1CO)c1c2c3ccc(cc3[nH]c2ncn1)[Br],0
CCOC1CN(CC1CO)c1c2c3ccc(cc3[nH]c2ncn1)[Br],0
CO[C@@H]1CN(c2c3c4ccc(cc4[nH]c3ncn2)[Br])[C@H]2COC[C@@H]12,0
CO[C@@H]1CN(c2c3c4ccc(cc4[nH]c3ncn2)[Br])[C@H]2COC[C@@H]12,0
CCC(c1c(C)noc1C)Nc1c2cc[nH]c2nc(C)n1,0
CC1C(CCN1c1c2c3ccc(cc3[nH]c2ncn1)[Br])C(=O)OC,0
CC1C(CCN1c1c2c3ccc(cc3[nH]c2ncn1)[Br])C(=O)OC,0
CC1(C)CCN(C1)c1cc2C(c3ccccc3c2nn1)=O,0
CC1(C)CCN(C1)c1cc2C(c3ccccc3c2nn1)=O,0
CC(C)C1(CCN(C1)c1c2c3ccc(cc3[nH]c2ncn1)[Br])O,0
CC(C)C1(CCN(C1)c1c2c3ccc(cc3[nH]c2ncn1)[Br])O,0
CC([C@H]1C[C@@H](C)CN(C1)c1c2c3ccc(cc3[nH]c2ncn1)[Br])=O,0
CC([C@H]1C[C@@H](C)CN(C1)c1c2c3ccc(cc3[nH]c2ncn1)[Br])=O,0
CC(=C)C1CN(CCO1)c1c2c3ccc(cc3[nH]c2ncn1)[Br],0
CC(=C)C1CN(CCO1)c1c2c3ccc(cc3[nH]c2ncn1)[Br],0
CCc1c[nH]c2c1c(NCc1c(C)noc1CC)ncn2,0
Cc1ccc2c(c1C(NC(CCO)c1ccc(cc1)[Br])=O)non2,0
Cc1c2c(Nc3c(C)nn(C)c3C)ncnc2[nH]c1C,0
CC1(CCCN(C1)c1c2c3ccc(cc3[nH]c2ncn1)[Br])C(NC)=O,0
CC1(CCCN(C1)c1c2c3ccc(cc3[nH]c2ncn1)[Br])C(NC)=O,0
CCN(CCC(NC)=O)c1c2c3cc(ccc3[nH]c2ncn1)[Br],0
CCN(CCC(NC)=O)c1c2c3cc(ccc3[nH]c2ncn1)[Br],0
CCc1c2c(NC(C)c3c(C)noc3C)ncnc2[nH]n1,0
CC(CNc1c2c(C#N)c[nH]c2ncn1)c1c(C)noc1C,0
COC(C1(CCC1)CNc1c2c3ccc(cc3[nH]c2ncn1)[Br])=O,0
COC(C1(CCC1)CNc1c2c3ccc(cc3[nH]c2ncn1)[Br])=O,0
Cc1c2c(ncnc2[nH]c1C)N(C)C1CCN(C)C1=O,0
CC(CSCC(Nc1c2c(C)c(C)[nH]c2ncn1)=O)=O,0
Cc1c2c(NCCc3cccc(c3)[Br])ncnc2[nH]c1C,0
CC(CN(C)c1c2c3cc(ccc3[nH]c2ncn1)[Br])C#N,0
CC(CN(C)c1c2c3cc(ccc3[nH]c2ncn1)[Br])C#N,0
CCc1c[nH]c2c1c(NCc1c(C)cnn1C)ncn2,0
CCN(CC=C)c1c2c3ccc(cc3[nH]c2ncn1)[Br],0
CCN(CC=C)c1c2c3ccc(cc3[nH]c2ncn1)[Br],0
CC(c1c(C)noc1C)Nc1cc(C)nc2c1c(C)no2,0
CC(=C)COCCNc1c2c(C)c(C)[nH]c2ncn1,0
COC(C1CN(CC1N)c1c2c3ccc(cc3[nH]c2ncn1)[Br])=O.[Cl].[Cl],0
Cc1c2c(ncnc2[nH]c1C)N(C)CCc1ccccc1,0
CC1CC1CN(C)c1c2c3ccc(cc3[nH]c2ncn1)[Br],0
CC1CC1CN(C)c1c2c3ccc(cc3[nH]c2ncn1)[Br],0
Cc1cc(C(N(C)Cc2ccccc2)=O)c2c(C)n[nH]c2n1,0
Cc1c2c(NCC3C(C)(C)CC(N3)=O)ncnc2[nH]c1C,0
Cc1c2c(NCC3C(C)(C)CC(N3)=O)ncnc2[nH]c1C,0
Cc1c2c(Nc3cnn(C)c3C)ncnc2sc1C,0
Cc1c2c(NC3CCCC3(C)C)ncnc2[nH]c1C,0
Cc1c2c(NC3CCCC3(C)C)ncnc2[nH]c1C,0
CCN1C(NC(c2c(cc(C(C)C)nc12)C(NC1CCc2cnccc2C1=O)=O)=O)=O,0
Cc1c2c(NC(C(=O)OC)C(C)(C)C)ncnc2sc1C,0
CNCC1CN(CC12CC2)c1c2c3ccc(cc3[nH]c2ncn1)[Br],0
CNCC1CN(CC12CC2)c1c2c3ccc(cc3[nH]c2ncn1)[Br],0
C=CCn1cc(CN[C@H]2c3ccccc3C[C@H]2CO)cn1,0
C#C[C@@H]1CN(C[C@H]1O)c1c2c3ccc(cc3[nH]c2ncn1)[Br],0
C#C[C@@H]1CN(C[C@H]1O)c1c2c3ccc(cc3[nH]c2ncn1)[Br],0
CC(NC(CC(N1CCCc2c1c(C)n[nH]2)=O)c1ccc(C)cc1)=O,0
CC(C)C1CCCN1c1c2c(C)c(C)[nH]c2ncn1,0
CC(C)C1CCCN1c1c2c(C)c(C)[nH]c2ncn1,0
CC(C)[C@@H](C(N(C)C)=O)Nc1ccnc2ccc(C)c(c12)F,0
C1CC2(C1)CCN(C2)c1c2c3ccccc3[nH]c2ncn1,0
C1CC2(C1)CCN(C2)c1c2c3ccccc3[nH]c2ncn1,0
Cc1c2c(NC3CS(N(C)C3(C)C)(=O)=O)ncnc2[nH]c1C,0
CCc1c[nH]c2c1c(NC(C)c1c(C)nn(C)c1C)ncn2,0
CC(C)C(NCCNc1c2c3ccc(cc3[nH]c2ncn1)[Br])=O,0
CC(C)C(NCCNc1c2c3ccc(cc3[nH]c2ncn1)[Br])=O,0
Cc1c2c(ncnc2[nH]c1C)N1C[C@@H](CO)[C@H](C1)CO,0
C#CCC(CNc1c2c3cc(ccc3[nH]c2ncn1)[Br])O,0
C#CCC(CNc1c2c3cc(ccc3[nH]c2ncn1)[Br])O,0
CCc1c[nH]c2c1c(ncn2)N1CCC2(CCC2)C1,0
CC(C)[C@@H]1[C@@H](CCN1c1c2c(C)c(C)[nH]c2ncn1)OC,0
CC1C(CN1c1ccnc2CCCCc12)O,0
CC1CC1Cc1nc(c2cnn3ccccc23)no1,0
Cc1c2c(NCCC(NCC#C)=O)ncnc2[nH]c1C,0
CC1(C)C([C@@H]2CCN(c3c4c5ccc(cc5[nH]c4ncn3)[Br])[C@H]12)O,0
CC1(C)C([C@@H]2CCN(c3c4c5ccc(cc5[nH]c4ncn3)[Br])[C@H]12)O,0
CC1CCN(C)C(C1Nc1c2c(C)c(C)[nH]c2ncn1)=O,0
CCc1c[nH]c2c1c(ncn2)N1CC[C@H]([C@H]1C(C)C)O,0
C1CC2(C1)CN(CC2N)c1cc(Nc2ccccc2)ncn1,0
CN1C(Cc2c(cccc12)C(=O)OC(Cn1cncn1)c1ccc(cc1)[Cl])=O,0
CC(C)[C@@H]1[C@@H](CCN1c1cc(Nc2ccccc2)ncn1)OC,0
Cc1ccc(cc1C(NC1c2ccc(cc2CC1(C)C)[Br])=O)C(N)=O,0
CC(C)C(NCCNc1c2c(C)c(C)[nH]c2ncn1)=O,0
CC1CC(CN1CCC1=C(C)N=C2C=CC=CN2C1=O)O,0
Cc1c2c(NC3CC(C)(C)OC3(C)C)ncnc2[nH]c1C,0
Cc1ccc(CCN2CC(Cc3cc(ccc23)C(=O)OC)OC)cc1,0
Cc1c2c(ncnc2[nH]c1C)N1CCC[C@@H]1c1ccon1,0
CC(C)[C@@H]1[C@@H](CCN1c1c2c3CCCCc3sc2ncn1)O,0
C#CC1CCN1c1c2c3ccc(cc3[nH]c2ncn1)[Br],0
C#CC1CCN1c1c2c3ccc(cc3[nH]c2ncn1)[Br],0
CCc1cc2c(ncnc2s1)N1CC(CN)C(C)(C)C1,0
COC(c1c(c2cccnc2s1)NC(c1ccc(cc1)NC(NC1CC1)=O)=O)=O,0
COC(c1c(c2cccnc2s1)NC(c1ccc(cc1)NC(NC1CC1)=O)=O)=O,0
C1CC2(C1)CN(CC2CN)c1cc(Nc2ccccc2)ncn1,0
CCc1c[nH]c2c1c(N[C@@H](C(C)C)C(NCC)=O)ncn2,0
CCc1c[nH]c2c1c(N[C@@H](C(C)C)C(NCC)=O)ncn2,0
Cc1cc2c(C(=C)CCO)ncnc2[nH]1,0
Cc1cc2c(C(=C)CCO)ncnc2[nH]1,0
Cc1nc(c2cc[nH]c2n1)N1CC(C1)c1ccccc1,0
Cc1c2c(NC[C@@H]3[C@H]4CCCC[C@@H]34)ncnc2[nH]c1C,0
Cc1c2c(NC(CC(C)(C)C)=O)ncnc2[nH]c1C,0
Cc1c2c(NC(CC(C)(C)C)=O)ncnc2[nH]c1C,0
CC(C)(C)c1nc2ccccc2n1CCC(N1CCC2=C(C1)NC(N2)=O)=O,0
Cc1c2c(ncnc2[nH]c1C)N1CCC(C1)(C#C)O,0
CCC(CC)C(CNc1cccc2nncn12)OC,0
CCC1C(CCN1c1c2cc[nH]c2nc(C)n1)CO,0
Cc1c(C)nc(c2cccnc2)nc1NCCC1CCCS1(=O)=O,0
Cc1ccc(CC(NCC2CC2NC(c2ccnnc2)=O)=O)cc1O,0
CC1CCCC=1C(NC[C@H](CNC(c1cnc2ncccn12)=O)O)=O,0
CC(N1CC(C1)C(N[C@@H](C)CNC(c1cnc2ncccn12)=O)=O)=O,0
CS(N1CCCC(C1)Nc1nccc(c2cnccn2)n1)(=O)=O,0
Cc1ccc(NC(C2CCCN(C2)C(c2cc(ncn2)O)=O)=O)nc1,0
Cc1ccc(c(c1)C(NC[C@@H]1C[C@@H]1NC(c1cncnc1N)=O)=O)F,0
Cc1ccc(C(NC[C@@H]2C[C@@H]2NC(c2cncnc2N)=O)=O)c(c1)F,0
COc1cccc(c1)C(NC[C@@H]1C[C@@H]1NC(c1cncnc1N)=O)=O,0
CC(C)(C(Nc1ccc(NC)nc1)=O)NC(Nc1ccccc1)=O,0
C1[C@H](CNC(c2cccc(c2F)F)=O)[C@@H]1NC(c1cncnc1N)=O,0
Cc1cc(C(NC[C@]2(C)CCCN2C(c2cnc(N)nc2)=O)=O)oc1,0
Cc1ccc(cc1S(N)(=O)=O)NC(NCC1(CCCCC1)O)=O,0
CS(Cc1ccc(cc1)NC(NCc1ccc(CN)cc1)=O)(=O)=O,0
Cc1ccc(cc1F)C(NC[C@@H]1C[C@@H]1NC(c1cncnc1N)=O)=O,0
C1[C@H](CNC(c2ccccc2)=O)[C@@H]1NC(c1cncnc1N)=O,0
Cc1ccc(cc1C)C(N[C@H](C)CNC(c1cncnc1N)=O)=O,0
CC(CNC(CCN1C(c2ccccc2S1(=O)=O)=O)=O)O,0
Cc1cc(ccc1F)C(NC1(CC1)CNC(c1cncnc1N)=O)=O,0
C(C1CN(C1)C(c1cncnc1N)=O)NC(c1ccccc1F)=O,0
Cc1ccc(cc1S(N)(=O)=O)NC(NCC1(CCCCC1)N)=O,0
CN1C=NC=C(C(N[C@@H]2CC[C@@H]2CNC(c2ccccc2)=O)=O)C1=O,0
Cc1ccc(c(c1)C(N[C@H]1CCN(C1)C(c1cncnc1)=O)=O)O,0
CCNC(NC(CN1C(c2cc(ccc2S1(=O)=O)F)=O)=O)=O,0
CC(Nc1ccc(cc1)NC(NCc1ccc(CN)cc1F)=O)=O,0
CC(NCc1ccc(cc1)NC(NCc1ccc(cc1)[C@@H](C)N)=O)=O,0
CC1(CCN(C1)C(CCc1nc2c(C(NC(N2C)=O)=O)[nH]1)=O)O,0
C1C[C@@H]([C@@H](CCC1NC(Nc1ccc2CCOC(c2c1)=O)=O)O)O,0
CC(C(Nc1ccc(N)nc1)=O)NC(Nc1ccccc1)=O,0
Cn1ccc(c1)C(NC[C@H]1[C@@H]2CN(C[C@H]12)C(c1cc(ccn1)N)=O)=O,0
CC(C(N[C@H](C)CCNC(C1=CN=C2C(C)=CC=CN2C1=O)=O)=O)O,0
CC(c1ccc(cc1)NC(C1CC1)=O)NCc1cnc(N)nc1N,0
Cc1c(cn[nH]1)C(N1CC(C)(C1)NC(c1cnn(c1)C1CCC1)=O)=O,0
Cc1ccccc1C(NC[C@@H]1C[C@@H]1NC(c1cncnc1N)=O)=O,0
CNCc1ccc(cc1)NC(NCC(Nc1cccnc1)=O)=O,0
Cc1c(cncn1)C(N[C@@H]1CC[C@@H]1CNC(c1cc(cnc1)F)=O)=O,0
Cc1cc(c(nc1)O)NC(C(C)(C)NC(Nc1ccccc1)=O)=O,0
CC1(C)CC(C1)C(N1CCOCC(C1)NC(c1cncnc1N)=O)=O,0
CC(c1ccc(cc1)N1CCCS1(=O)=O)Nc1ccnc(NC)n1,0
C1CC(CC(C1)NC(CN1C=Nc2ccccc2C1=O)=O)N,0
Cc1ccc(cc1C)C(NC[C@@H]1C[C@@H]1NC(c1cncnc1N)=O)=O,0
Cc1cc(CC(NC2CN(C3CC23)C(CCn2ccnc2)=O)=O)no1,0
C1CC1(CNC(Nc1cc2ccccc2nc1)=O)C(N)=O,0
CNC(Cc1ccc(cc1)NC(NCc1ccc(CN)cc1F)=O)=O,0
C[C@H](c1ccc(cc1)NC(NCC(Nc1cccnc1)=O)=O)N,0
CN(C)C(c1ccc(cc1)NC(NCc1ccc(CN)cc1)=O)=O,0
C1[C@@H](C[C@@H]1NC(CN1C(c2ccccc2S1(=O)=O)=O)=O)CO,0
Cc1ccc(C(NCC2CN(C2)C(c2cncnc2N)=O)=O)c(c1)F,0
Cc1ccoc1C(NC[C@]1(C)CCCN1C(CN1C=NNC1=O)=O)=O,0
C1CN(CCC1n1cc(C(N)=O)nn1)S(Cc1ccccc1)(=O)=O,0
C1CN(CCC1n1cc(C(N)=O)nn1)S(Cc1ccccc1)(=O)=O,0
C1CC(C1)c1ccc(NC(COc2cccc(c2)C(N)=O)=O)nc1,0
C1CC(C1)c1ccc(NC(COc2cccc(c2)C(N)=O)=O)nc1,0
CNc1cc(NCc2ccc(cc2)N2CCCS2(=O)=O)ncn1,0
CC(CO)C(NCC[C@@H]1CCN(C1)C(c1cnc2ncccn12)=O)=O,0
CC(CO)C(NCC[C@@H]1CCN(C1)C(c1cnc2ncccn12)=O)=O,0
Cc1ccc(cc1F)C(NCC1CN(C1)C(c1cncnc1N)=O)=O,0
Cn1cc(cn1)S(N1CC(C1)NC(C1CCCC(C1)O)=O)(=O)=O,0
C1C[C@@H](CC[C@H]1CO)NC(NCc1ccc(CN)cc1F)=O,0
C1CN(CCC1c1nc(CN)[nH]n1)C(c1ccc2CCOCc2c1)=O,0
Cc1cc(ccc1F)C(NCC[C@@H](C)NC(c1cncnc1N)=O)=O,0
Cc1cccc(c1)C(NCC[C@H](C)NC(c1cncnc1N)=O)=O,0
C1C[C@@H]2C[C@H](C[C@H]1N2C(c1ccnc2c1cn[nH]2)=O)NC(CO)=O,0
C1CC1c1ncc(cn1)C(NC[C@@H]1C[C@@H]1NC(c1cccnc1)=O)=O,0
CC(c1ccc(CNC(Nc2ccc(cc2)OCC(N)=O)=O)cc1)O,0
Cc1ccc(C(NC[C@@H](C)CNC(c2cncnc2N)=O)=O)c(c1)F,0
Cc1cccc(c1)C(NCC[C@@H](C)NC(c1cncnc1N)=O)=O,0
Cc1ccc(C(NCC2CN(C2)C(c2cncnc2N)=O)=O)nc1,0
Cc1ncc(CNC(C(C)(C)NC(Nc2ccccc2)=O)=O)c(n1)O,0
CC(c1ccc(cc1)N1CCCS1(=O)=O)Nc1cc(N)ncn1,0
COc1ccc(cc1)C(NC[C@@H]1C[C@@H]1NC(c1cncnc1N)=O)=O,0
CC[C@H]1CC[C@@H](CC1)C(NC[C@@H]1C[C@@H]1NC(c1cncnc1N)=O)=O,0
Cc1ccc(cc1NC(CNS(N(C)C)(=O)=O)=O)c1cnccn1,0
CCC1NC(C(=CN=1)C(NC1CC1CNC(c1cccnc1)=O)=O)=O,0
C(C(CO)Nc1c(N)nc2ccccc2n1)C(c1ccccc1)O,0
C(C[C@@H](CO)Nc1cncc(n1)[Br])c1ccccc1,0
C(C[C@@H](CO)Nc1cncc(n1)[Cl])c1ccccc1,0
C(c1ccc2C(C=CNc2c1)=O)Nc1cnc2ccccc2n1,0
C(c1ccc2C(C=CNc2c1)=O)Nc1cnc2ccccc2n1,0
C1CNC(c2cc(CNCc3cccc(c3)C(O)=O)ccc12)=O,0
C(C[C@@H](CO)Nc1cc(cnc1)[Br])c1ccccc1,0
C(C[C@@H](CO)Nc1c(nc2ccccc2n1)F)c1ccccc1,0
CS(CCNc1ccnc(c2cc(cnc2)[Br])n1)=O,0
C(CNc1ccnc(c2cc(cnc2)[Br])n1)C(N)=O,0
C(Cc1ccncc1)C(CO)Nc1c(nc2ccccc2n1)F,0
C(C[C@H](CO)Nc1c(N)nc2ccccc2n1)c1ccccc1,0
C(C(CO)Nc1c(nc2ccccc2n1)F)C(c1ccccc1)O,0
COc1ccc(CNc2cc(cnc2)F)cc1[Cl],0
Cc1cc(CNc2cc(cnc2)[Cl])ccc1C(=O)OC,0
C1CC(N(C1)Cc1ccccc1NCc1c(N)ncc(n1)[Br])=O,0
C1CCC2=C(C1)NC(C(NCCc1cccc(c1)C(N)=O)=N2)=O,0
COC(c1ccc(CNc2cc3CCCCc3nc2)cc1O)=O,0
COC(c1ccc(CNc2cc3CCCCc3nc2)cc1O)=O,0
C(Cc1ccncc1)C(CO)Nc1c(N)nc2ccccc2n1,0
Cc1c(C)nc(cn1)N[C@@H](CCc1ccccc1)CO,0
C1CN(Cc2ccccc2NCc2c(N)ncc(n2)[Br])C(N1)=O,0
C(C[C@@H](CO)Nc1cncc(n1)I)c1ccccc1,0
C(C(N)=O)c1ccc(CNc2c(N)nc3ccccc3n2)cc1,0
Cc1ccc(CC(CO)NCc2cccnc2N)cc1C,0
COC(c1ccc(CNc2ccc(nc2)SC)cc1O)=O,0
Cc1c(N[C@H](CCc2ccccc2)CO)nc2ccccc2n1,0
Cc1c(N[C@H](CCc2ccccc2)CO)nc2ccccc2n1,0
C(Cc1ccncc1)CNc1c(N)nc2ccccc2n1,0
C(CNc1ccnc(c2cc(cnc2)[Br])n1)CO,0
C(Cc1cccc(c1)O)CNc1c(N)nc2ccccc2n1,0
C(c1cccc(c1)c1cn[nH]c1)Nc1cc(ccc1O)C(O)=O,0
C1CCC2=C(C1)NC(C(NCc1cccc(c1)NC(N)=O)=N2)=O,0
COC(c1ccc(CNc2ccc(nc2)F)cc1O)=O,0
Cc1c(NC(CC(c2ccccc2)O)CO)nc2ccccc2n1,0
Cc1c(c(NCC(Cc2ccc(c(c2)O)OC)CO)ncn1)F,0
Cc1cc(CNc2ccc(NC)nc2)ccc1C(=O)OC.[Cl].[Cl],0
Cc1cc(CNc2ccc(NC)nc2)ccc1C(=O)OC.[Cl].[Cl],0
CC(Cc1ccc(cc1)OC)(CO)NCc1cc(cnc1F)[Br],0
C(C[C@H](CO)Nc1cncc(n1)[Cl])c1ccccc1,0
C(C(N)=O)c1ccc(CNc2cnc3cc(ccc3n2)[Br])cc1,0
C(C(N)=O)c1ccc(CNc2cnc3cc(ccc3n2)[Br])cc1,0
Cc1cncc(N[C@@H](CCc2ccccc2)CO)n1,0
CS(c1cccc(c1)Oc1c(CNC(CCN)=O)cccn1)(=O)=O,0
CC(C)C(N1CC[C@@H](C1)NC(c1cc(cnc1N)C(F)(F)F)=O)=O,0
C(C[C@@H](CO)Nc1cnc2ccccc2n1)c1ccccc1,0
C(c1ccc2C(C=CNc2c1)=O)Nc1cncc(n1)I,0
Cc1ccc(cn1)NCc1ccc(C(=O)OC)c(c1)O,0
C(c1ccc2C(C=CNc2c1)=O)Nc1cc(cnc1)[Br],0
C(C[C@H](CO)Nc1cncc(n1)[Br])c1ccccc1,0
Cc1c(cccn1)NC([C@H](C)NCc1c(N)ncc(n1)[Br])=O,0
C(C[C@@H](CO)Nc1cnc(cn1)I)c1ccccc1,0
CC(CCc1cccnc1)Nc1cc2COCCc2nc1,0
Cc1cccc(CC(CO)Nc2c(N)nc3ccccc3n2)c1,0
Cc1c(C)nc(cn1)NC(CCc1ccncc1)CO,0
Cc1ccc(CCNC2C(NC3CCCCC=3N=2)=O)cc1[N+]([O-])=O,0
COC(c1c(cc(COc2cc3CCCCc3nc2)cn1)F)=O,0
C(C[C@@H](CO)Nc1cnc(cn1)F)c1ccccc1,0
C(CO)N(Cc1cccnc1)C(c1ccncc1[Cl])=O,0
C1CCC2=C(C1)NC(C(NCc1ccc(CC(N)=O)cc1)=N2)=O,0
Cc1cc(CNc2cncc(c3ccncc3)n2)ccc1C(=O)OC,0
Cc1cccc(CC(CO)NCc2cc(cnc2F)[Br])c1,0
COC(c1ccc(CNc2cnc(CO)cn2)cc1[Cl])=O,0
CCc1ccccc1CC(=O)OCc1cc(cnc1N)[Br],0
Cc1cncc(N[C@H](CCc2ccccc2)CO)n1,0
C(CNc1cnc2ccccc2n1)c1ccc(c(CO)c1)O,0
C(c1ccc2C(C=CNc2c1)=O)Nc1cnccn1,0
C1CN(Cc2ccccc2NCc2cccc(C(N)=O)c2F)C(N1)=O,0
C=CCN(Cc1cc(ccc1F)[Br])C(Cn1c(N)ncn1)=O,0
Cc1cccc(c2ccccc2N2CCOC2=O)c1C(=O)OC,0
CCC(C(C)NC(c1c2ccccc2[nH]c1C(C)=O)=O)O,0
COc1cc(CNc2cnc3ccccc3n2)ccc1C(O)=O,0
COc1cc(CNc2cnc3ccccc3n2)ccc1C(O)=O,0
Cc1cc(CNc2cnc3ccccc3n2)ccc1C(O)=O,0
C1COCC1CC(CO)Nc1c(N)nc2ccccc2n1,0
Cc1ccnc(c1)NCc1ccc(C(=O)OC)c(C)c1,0
C(CNc1ncnc(c2cccc(c2)F)n1)C(O)=O,0
CC(CCc1ccccc1)NC1C(NC2CCCCC=2N=1)=O,0
CCC(COc1ccccc1F)Nc1cnc(c(n1)[Cl])N,0
C1Cc2c(cccc2NC1=O)c1ccccc1N1CCOC1=O,0
C1CCC2=C(C1)NC(C(NCc1ccc(cc1)NC(N)=O)=N2)=O,0
CC(C)c1ccc(cc1)C(CO)Nc1cnc(cn1)[Cl],0
CC(CCc1cccnc1)Nc1cnc(c(n1)[Cl])N,0
CC(C(N1CC[C@@H](C1)NC(c1cc(cnc1N)C(F)(F)F)=O)=O)O,0
C1CCC2=C(C1)NC(C(NCCOc1cccc(c1)[Br])=N2)=O,0
COC(c1ccc(CNc2ccc3CCCCc3n2)cc1O)=O,0
C(C[C@@H](CO)Nc1cnc(C#N)c(C#N)n1)c1ccccc1,0
Cc1cc(ccc1C(=O)OC)S(Nc1ccc(nc1)O)(=O)=O,0
C(CNc1ccnc(c2cc(cnc2)[Br])n1)C(O)=O,0
C1[C@@H]([C@H](CS1(=O)=O)OC(C=Cc1ccc[nH]1)=O)OC(C=Cc1ccc[nH]1)=O,0
C1[C@@H]([C@H](CS1(=O)=O)OC(C=Cc1ccc[nH]1)=O)OC(C=Cc1ccc[nH]1)=O,0
C1CN(CCN(C1)c1nnc(C(F)(F)F)s1)C(c1cc(C#N)cc(c1)O)=O,0
CC1=C(C(Nc2ccc(cc2)n2cncn2)=O)NC(c2ccccc12)=O,0
CC1=C(C(Nc2ccc(cc2)n2cncn2)=O)NC(c2ccccc12)=O,0
CC(c1ccc2ccccc2c1)NC(CSC1C(C#N)=C(C)NC(N=1)=O)=O,0
Cc1cc(CS(N2C[C@H]3[C@@H](C2)Oc2c(ccc(c2O3)F)F)(=O)=O)on1,0
Cc1cc(CS(N2C[C@H]3[C@@H](C2)Oc2c(ccc(c2O3)F)F)(=O)=O)on1,0
C(CNC(c1cc(c([nH]1)[Cl])[Cl])=O)c1ccc(cc1)n1cccn1,0
C(CNC(c1cc(c([nH]1)[Cl])[Cl])=O)c1ccc(cc1)n1cccn1,0
CCn1c(c2cccc(c2)[Cl])nnc1SCC(Nc1nnn[nH]1)=O,0
C1CC(CN(C1)c1ccc(C#N)cn1)C(Nc1nccs1)=O,0
C1CC(CN(C1)c1ccc(C#N)cn1)C(Nc1nccs1)=O,0
C=CC(N1CCCc2cc(ccc12)C(Nc1nnc(C(F)(F)F)s1)=O)=O,0
COc1ccc(cc1)C(N1CCN(CC1)c1c(C#N)c(ns1)[Cl])=O,0
COc1ccc(cc1)C(N1CCN(CC1)c1c(C#N)c(ns1)[Cl])=O,0
CCOC(c1ccc2c(CCCN2C(C(C)c2cnn(C)c2)=O)c1)=O,0
CCN(C(CSC1NC(C=CN=1)=O)=O)c1cccc2ccccc12,0
C(C(N1CCN(CC1)c1cc(C#N)nc2ccccc12)=O)C(F)(F)F,0
C1Cc2ccc(cc2C1)c1nc([nH]n1)S(CC(NCC(F)(F)F)=O)(=O)=O,0
C[C@@H](c1ccc2ccccc2c1)NC(c1cn[nH]c1n1cnnn1)=O,0
Cc1ccc(s1)S(=O)(=O)Oc1cccc(c1)n1cncn1,0
COc1ccc(cc1)[C@@H]1C[C@H]1CC(N1CC(Nc2ccc(C#N)cc12)=O)=O,0
CCn1cc(cn1)[C@H]1[C@@H](CCO1)CNc1c2ccccc2nnc1C#N,0
CCc1cc(N)nc(n1)SC(C)C(NCCc1cccs1)=O,0
C1CN(CCN1C(Cn1cnc(C#N)c1C#N)=O)c1ccc(cc1)F,0
C1CC(COC2CCN(CC2)C(c2cc(C#N)c[nH]2)=O)OC1,0
C(C(CSc1ccc2ccccc2n1)O)n1cc(cn1)[N+]([O-])=O,0
COc1cccc(c1)C(N1CCC(CC1)N1C=NNC1=O)=O,0
CC1C=C(C(NC=1C)=O)C(=O)OCC1CC(C1)(F)F,0
CC(c1nncn1C)NC(C(=C)CN1CCCc2c1c(cc(c2F)F)F)=O,0
Cn1cc(CC2CC(N(CC(c3ccc(cc3)F)O)C2=O)=O)cn1,0
C1CCC(C1)S(c1ccc(cc1)C(C=Cc1csnn1)=O)(=O)=O,0
C1CCC(C1)S(c1ccc(cc1)C(C=Cc1csnn1)=O)(=O)=O,0
Cn1cc(cn1)[C@@H]1CN(C[C@H]1CO)S(c1cc(c(cc1F)OC)OC)(=O)=O,0
CN(Cc1nnc[nH]1)C(C1CCN(C1)c1ccc(C#N)cc1F)=O,0
CC(C)c1ccc2c(c1)C(NC(CS(N(C)C)(=O)=O)=N2)=O,0
C(CNC(CN1C=NNC1=O)=O)c1csc2ccccc12,0
COc1ccc(cc1)S(N1CCN(CC1)c1nc(ns1)[Cl])(=O)=O,0
C1COC(N1c1ccc(cc1)C(C=Cc1cccc2c1OCO2)=O)=O,0
C1COC(N1c1ccc(cc1)C(C=Cc1cccc2c1OCO2)=O)=O,0
COc1cc(ccc1F)C(NC[C@@H]1CCO[C@@H]1c1ncn[nH]1)=O,0
C1CN(CCN1c1nccs1)S(c1ccc(cc1F)[Cl])(=O)=O,0
C1C[C@H]([C@@H](C1)OC(c1ccc(cc1)c1cnco1)=O)n1cccn1,0
C1CC(N(C1)c1ccc(cc1)S(N(CCC#N)Cc1cccnc1)(=O)=O)=O,0
Cc1ccc(c(c1)S(N(C)Cc1cnn(CC#C)c1)(=O)=O)OC,0
C(C(c1ccc2c(c1)OCCO2)=O)N1C(c2ccccc2S1(=O)=O)=O,0
C(C(c1ccc2c(c1)OCCO2)=O)N1C(c2ccccc2S1(=O)=O)=O,0
CC(C(NS(c1ccc(C)s1)(=O)=O)=O)Oc1cccc(C#N)c1,0
C1CCc2nnc(C(C#N)C(c3cc4CCCc4s3)=O)n2CC1,0
CN(Cc1nnn[nH]1)C(Cc1cccc2ccccc12)=O,0
COc1ccnc(n1)N1CCN(CC1)C(c1ccc(C#N)cc1)=O,0
C1C(c2ccccc2C(F)(F)F)N(CC1O)C(C1C=CNC(C=1)=O)=O,0
C(c1ccc(cc1)S(=O)(=O)Oc1ccc(cc1)n1cccn1)#N,0
C1CN(CCN1C(c1cc(C#N)[nH]c1)=O)c1cncc2ccccc12,0
CN(Cc1cccc2ccccc12)S(CCn1cnnn1)(=O)=O,0
Cc1ccc(C)c(c1C)OC(Cc1ccc(cc1)n1cnnn1)=O,0
C#CCNS(c1cccc(c1)C(Nc1cccc2cn[nH]c12)=O)(=O)=O,0
C1[C@@H](C[C@@H]1OC(c1cc(cnc1)n1ccnn1)=O)c1cccc(c1)[Cl],0
CS(c1c(cc(cc1F)NC(C1CC1c1cccnc1)=O)F)(=O)=O,0
CS(c1c(cc(cc1F)NC(C1CC1c1cccnc1)=O)F)(=O)=O,0
CC(C(NCCNc1ncccn1)=O)Sc1cc(ccc1[Cl])[Cl],0
CCCN1C(=NNC1=O)SC(C)C(c1ccc2CCCc2c1)=O,0
CCN(C(C)=O)c1nc(C=CC(c2cccc(c2)N2CCOC2=O)=O)cs1,0
CCN(C(C)=O)c1nc(C=CC(c2cccc(c2)N2CCOC2=O)=O)cs1,0
CCCN(CC1NC(c2c(ccs2)N=1)=O)C(Nc1cn(C)nn1)=O,0
CC1=CC(N2C(=N1)SC(COC(CCC(c1cc(C)sc1C)=O)=O)=N2)=O,0
C1CN(CCN1C(C1=CC=CC(N1)=O)=O)c1nnc(C(F)(F)F)s1,0
CC(C)(C(NS(c1cc(cnc1)[Cl])(=O)=O)=O)c1ccc(cc1)OC,0
C1C(C1c1cccc(c1)[Br])C(Nc1nnc[nH]1)=O,0
CN(Cc1ccc2ccccc2c1)C(n1ccnc1)=O,0
Cc1ccnc2c1NC(CN2C(c1ccc(c(c1)[Cl])[N+]([O-])=O)=O)=O,0
C(Cn1cccn1)NC(C(Nc1ccc(cc1)Oc1cccc(c1)[Cl])=O)=O,0
C(C(CSc1nnc2ccccn12)O)Oc1ccc(cc1)F,0
C1c2cn[nH]c2CN1C(CSCc1ccc(c(c1)[Cl])[Cl])=O,0
C1c2cn[nH]c2CN1C(CSCc1ccc(c(c1)[Cl])[Cl])=O,0
CCCC1=CC(=O)Oc2cc(ccc12)OS(c1c(n(C)cn1)[Cl])(=O)=O,0
CCn1ccnc1[C@H]1[C@@H](CCO1)C(N1CCc2ccc(C#N)cc12)=O,0
C1CN(CCN1C(c1c(c2ccccc2s1)[Cl])=O)c1nnn[nH]1,0
CC(C(Nc1ncccn1)=O)N1CCN(CC1)c1c(C#N)nc(C2CC2)o1,0
CN(C(C1CC1)=O)c1ccc2ccccc2n1,0
CS(c1cccc(c1)OC(c1ccc2c(c1)NC(CS2)=O)=O)(=O)=O,0
CS(c1cccc(c1)OC(c1ccc2c(c1)NC(CS2)=O)=O)(=O)=O,0
C1CCC(C(C1)CS(N1C[C@@H](C#N)[C@@H](C1)c1ccccc1)(=O)=O)(F)F,0
Cc1cnn(CC(C(C#N)C2NC(c3ccc(cc3N=2)[Cl])=O)=O)c1,0
Cc1cnn(CC(C(C#N)C2NC(c3ccc(cc3N=2)[Cl])=O)=O)c1,0
CCn1cc(cn1)[C@H]1[C@@H](CCCO1)CNC(c1cc(C)c(C#N)cn1)=O,0
CCN1C=C(C#N)C(N(CC(COCc2ccccc2[Cl])O)C1=O)=O,0
CC1(C)CN(C1)C(c1cc2CCCNc2nc1)=O,0
CC(C(Nc1ccc(cc1)S(N1CCCC1)(=O)=O)=O)Sc1nc(C)n[nH]1,0
C1CCc2nnc(n2CC1)SCCOc1ccc(cc1)S(N)(=O)=O,0
CC1=CC(Nc2cc(ccc12)C(N[C@H]1CCO[C@@H]1c1ccnn1C)=O)=O,0
C1CC1c1nc(C#N)c(N2CCN(CC2)C(c2cc(c[nH]2)[Cl])=O)o1,0
C[C@@H](C(Nc1nccs1)=O)N1Cc2ccccc2C1=O,0
C(c1ccc(cc1)n1cccn1)OC(c1cc[n+](cc1)[O-])=O,0
Cc1ccc(C)c(COC(CCc2nnc[nH]2)=O)c1,0
CCn1cc(cc1C(O)=O)S(Nc1ccc2c(c1)SCC(N2)=O)(=O)=O,0
Cc1c(ccnn1)C(NCC1(C)CN(CCO1)c1c(cc(C#N)cn1)[Cl])=O,0
Cn1cc(C#N)c(NC(N[C@@H]2C[C@H]2c2ccc3ccccc3c2)=O)n1,0
C1Cc2nc(cn2CC1CNC(c1cc(C#N)[nH]c1)=O)C(F)(F)F,0
C1CCN(C1)c1nc(CCNC(C(Nc2cccnc2)=O)=O)cs1,0
C1c2ccc(cc2NC(N1)=O)C(N1CC(C1)n1ccnc1)=O,0
CCCN(Cc1ccccc1)C(c1ccc2C(NC(=Nc2c1)S)=O)=O,0
CCn1c(C2CC2)nnc1SC(C)C(c1ccc2c(CCN2C(C)=O)c1)=O,0
Cc1c2ccccc2c(NCCCCCc2c(C#N)c(N)[nH]n2)nn1,0
CC(C)C(C)(C#N)NC(C(C)Sc1nnnn1c1ccc(C)c(C)c1)=O,0
Cc1cccc(c1)n1c(C)nnc1SCC(COc1ccc(C#N)cc1)O,0
C1CN(CCN1c1ccnnc1)S(c1cccc(C#N)c1)(=O)=O,0
C1CN(CCN1c1ccnnc1)S(c1cccc(C#N)c1)(=O)=O,0
Cc1nnc([nH]1)SCC(c1ccc(C(F)(F)F)nc1[Cl])=O,0
CC(C)c1cccc(c1)N(C)C(CCc1nc(c2nnc[nH]2)no1)=O,0
C1CN(C[C@@H]1Oc1ccncc1)C(C1=CC=CC(N1)=O)=O,0
CC(C(c1ccc(c(c1)OC)OC)=O)Sc1nnc2CCCCCn12,0
C(C(=O)OCc1cccc2ccccc12)N1C(c2ccccc2C(N1)=O)=O,0
CCc1c[nH]c2c1c(ncn2)N(CC)CCc1cccs1,0
Cc1c2c(ncnc2[nH]c1C)N(C)Cc1ccc(cc1)[Cl],0
Cc1c2c(ncnc2[nH]c1C)N(C)Cc1ccc(cc1)[Cl],0
CC(C)(C(Nc1c2cn[nH]c2ncn1)=O)c1ccc(s1)[Cl],0
CC(c1cccc(c1)O)N(C)c1c2cc([nH]c2ncn1)[Cl],0
C(c1cc(c(s1)[Cl])[Cl])NC(c1c2c(ncn1)nc[nH]2)=O,0
C1CCC2(CC1)CCN2c1c2c(c[nH]c2ncn1)[Br],0
C1CCC2(CC1)CCN2c1c2c(c[nH]c2ncn1)[Br],0
C1C(CN1c1c2c(C#N)c[nH]c2ncn1)n1cc(cn1)[Br],0
C1C(CN1c1c2c(C#N)c[nH]c2ncn1)n1cc(cn1)[Br],0
C1[C@@H](c2ccc(s2)[Br])[C@@H]1Nc1c2c(C#N)c[nH]c2ncn1,0
C1[C@@H](c2ccc(s2)[Br])[C@@H]1Nc1c2c(C#N)c[nH]c2ncn1,0
c1cc(c(c(c1)[Cl])Sc1c2c(c[nH]c2ncn1)C(N)=O)F,0
CCC(COCC(F)(F)F)Nc1c2c(c[nH]c2ncn1)[Br],0
C(c1c[nH]c2c1c(ncn2)Sc1c(cc(cc1F)F)F)#N,0
C(c1c[nH]c2c1c(ncn2)Sc1c(cc(cc1F)F)F)#N,0
C[C@@H](c1ccc(cc1)SC)Nc1c2c(NCCO2)ncn1,0
CC(CCO)(C(F)(F)F)NC(c1cc(cnc1O)[Cl])=O,0
C1C(CN1c1ccncn1)NC(c1cc2c(cco2)s1)=O,0
CCC(NC1CCCN(C1)c1c2cc(C)sc2ncn1)=O,0
C1CC(c2ccc(s2)[Br])N(C1)c1c2c(ncn1)nc[nH]2,0
C1CN(C(CN1c1c2c(ncn1)nc[nH]2)=O)c1cccs1,0
CN(Cc1ccc(cc1[Cl])[Br])c1c2cn[nH]c2ncn1,0
CN(Cc1ccc(cc1[Cl])[Br])c1c2cn[nH]c2ncn1,0
C(CO)N(Cc1ccc(s1)[Br])c1c2cc[nH]c2ncn1,0
C(COC(c1c(N)ncc(n1)[Br])=O)c1cc(cc(c1)[Cl])[Cl],0
C(COC(c1c(N)ncc(n1)[Br])=O)c1cc(cc(c1)[Cl])[Cl],0
CSCC(N1CCCN(CC1)c1c2c(ncn1)[nH]cn2)=O,0
CC1(C)CN(CC(C)(C(F)(F)F)O1)c1c(c(N)ncn1)[Cl],0
CN(C)C(NC1CCCN(C1)c1c2c(ccs2)ncn1)=O,0
CC1CN(CC1(C)CO)c1c2c3CCCc3sc2ncn1,0
CCc1c[nH]c2c1c(NC1CCC(CC1)CSC)ncn2,0
C1CC2CN(CCC1S2)c1c2c(c[nH]c2ncn1)C(N)=O,0
Cc1csc(NC(CCSc2c3c(ncn2)[nH]cn3)=O)n1,0
CC1(CC(C1)NC(CCSc1c2c(ncn1)[nH]cn2)=O)F,0
CSC1CCC(CC1)CNC(c1c2cc[nH]c2ncn1)=O,0
C1CC(C(F)(F)F)OC1CCNc1c2cn[nH]c2ncn1,0
Cc1cc(cs1)NC(CCSc1c2c(ncn1)[nH]cn2)=O,0
C1CC2CC(NCC(C1)N2c1c2cc([nH]c2ncn1)[Cl])=O,0
C1CC2CC(NCC(C1)N2c1c2cc([nH]c2ncn1)[Cl])=O,0
CC1(CNC(CN(C)c2c3c(ncn2)nc[nH]3)=O)CSC1,0
C1CC2(CCOCC2)CN(C1)c1c(c(N)ncn1)[Br],0
CCc1c2c(ncnc2[nH]n1)N1CCSC2CCCCC12,0
CCc1c2c(ncnc2[nH]n1)N1CCSC2CCCCC12,0
C1C[C@]2(CN(C[C@]2(C1)CO)c1c2c(CCCS2)ncn1)F,0
CC(CCOc1ccccc1)Sc1c2c(ncn1)[nH]cn2,0
CC(CCOc1ccccc1)Sc1c2c(ncn1)[nH]cn2,0
CCOC(C1CSCCN1Cc1c(N)ncc(n1)[Br])=O,0
CC1(CCN(C1)c1c2c(NCC(N2)=O)ncn1)C(F)(F)F,0
C1C[C@@H](CO)[C@@H](CO)N(C1)c1c2cc(cn2ncn1)[Br],0
Cc1c2c(ccnc2[nH]n1)N1CCSC(C1)C(F)(F)F,0
CCc1c[nH]c2c1c(NCC(C)(C)CC(F)(F)F)ncn2,0
CCc1c[nH]c2c1c(NCC(C)(C)CC(F)(F)F)ncn2,0
CSCCC(N1CCN(CC1)C1=C2C=CN=C2NC=N1)=O,0
C1CNc2c1c(ccn2)C(N1CCc2c(C1)sc(n2)[Br])=O,0
Cc1c(C(NC2CCNc3cc(ccc23)F)=O)c([nH]n1)[Br],0
CC1(C)[C@H](CO)N(CCS1)C(c1c2cc[nH]c2ncn1)=O,0
C1CSCC(CO)N1C(c1c2c(c[nH]c2ncn1)[Br])=O,0
CN(CC(C(F)(F)F)O)C(c1c2c(c[nH]c2ncn1)[Br])=O,0
C1COCC(CN1C(c1c2c(c[nH]c2ncn1)[Br])=O)(F)F,0
Cc1c2c(NC(CCC(=C)[Br])=O)ncnc2[nH]c1C,0
Cc1c2c(NC(CCC(=C)[Br])=O)ncnc2[nH]c1C,0
Cc1cc2c(NC3CC(C(F)(F)F)SC3)ncnc2[nH]1,0
C1CN(C1c1cccc(c1)F)c1c2cc([nH]c2ncn1)[Cl],0
C1CC2(CC(NC2)=O)CN(C1)c1c(c(C(F)F)ncn1)[Br],0
COCC1(CC(C1)(F)F)Nc1c2c(c[nH]c2ncn1)[Br],0
C1c2ccccc2[C@H]2[C@@H]1CN2c1c2c(c[nH]c2ncn1)[Br],0
CC(CCN1CCOC1=O)Nc1c2c(c[nH]c2ncn1)[Br],0
CC(CCN1CCOC1=O)Nc1c2c(c[nH]c2ncn1)[Br],0
CCc1c[nH]c2c1c(ncn2)N1CCCCC(C1)SCC,0
CC(C)(CO)CSc1c2c3ccc(cc3[nH]c2ncn1)F,0
CC(C)(CO)CSc1c2c3ccc(cc3[nH]c2ncn1)F,0
Cc1cc2c(ncnc2s1)N1CC2(CC2)C[C@H]1C(NC)=O,0
C1[C@H]([C@@H](CN1C(c1c2cc[nH]c2ncn1)=O)C(F)(F)F)F,0
C1C(CN1c1c2c(c[nH]c2ncn1)[Br])n1ncc(n1)[Br],0
C1C(CN1c1c2c(c[nH]c2ncn1)[Br])n1ncc(n1)[Br],0
Cc1c(c2CN(CCn2n1)c1c2CCOc2nc(n1)[Cl])O,0
CCN(Cc1ccc(c(c1)[Cl])[Cl])c1c2cn[nH]c2ncn1,0
CCN(Cc1ccoc1)C(c1c2c(c[nH]c2ncn1)[Br])=O,0
C(C1NC(c2c(ccs2)N=1)=O)N(Cc1ccccc1)C(c1cccc(c1)C(c1ccco1)=O)=O,0
C(C(c1cccc(c1)[Cl])NC(c1cnc(c2ccccc2)o1)=O)NC(c1ccn2c(ccn2)c1)=O,0
C(C(c1cccc(c1)[Cl])NC(c1cnc(c2ccccc2)o1)=O)NC(c1ccn2c(ccn2)c1)=O,0
C(C(c1cccc(c1)[Cl])NC(c1cnc(c2ccccc2)o1)=O)NC(c1cccn2c1ccn2)=O,0
C(C(c1cccc(c1)[Cl])NC(c1cnc(c2ccccc2)o1)=O)NC(c1cccn2c1ccn2)=O,0
C(C(c1cccc(c1)[Cl])NC(c1cnc(c2ccccc2)o1)=O)NC(c1cccc2nccn12)=O,0
C(C(c1cccc(c1)[Cl])NC(c1cnc(c2ccccc2)o1)=O)NC(c1cccc2nccn12)=O,0
C1CCN(C(C1)C1(CC1)NC(C1=CC(NC(=C1)[Cl])=O)=O)C(c1cccc2c1nc(N)o2)=O,0
Cc1ccc2c(c1)cc(cn2)C(NC(CNC(c1coc2CCCC(c12)=O)=O)c1cccc(c1)OC)=O,0
Cc1ccc2c(c1)cc(cn2)C(NC(CNC(c1coc2CCCC(c12)=O)=O)c1cccc(c1)OC)=O,0
CN(CC1NC(c2ccccc2N=1)=O)C(c1cc(c[nH]1)c1csc(N)n1)=O,0
C1COC(N1c1ccc(c(c1)C(N(CC1NC(c2c(ccs2)N=1)=O)Cc1ccccc1)=O)F)=O,0
Cc1cccc(c1)C(CNC(c1ccnc2ccnn12)=O)NC(c1cnc(c2ccccc2)o1)=O,0
Cc1cccc(c1)C(CNC(c1ccnc2ccnn12)=O)NC(c1cnc(c2ccccc2)o1)=O,0
C([C@@H](c1ccccc1)NC(c1cnc(c2ccccc2)o1)=O)NC(c1csc2c1C(NC=N2)=O)=O,0
C([C@@H](c1ccccc1)NC(c1cnc(c2ccccc2)o1)=O)NC(c1csc2c1C(NC=N2)=O)=O,0
C1CC(CN(C1)c1cnccn1)C(NCCNC(c1cnn(c2cccc(c2)[Br])n1)=O)=O,0
Cc1ccc2c(c1)cc(cn2)C(NC(CNC(c1cnn2c(C)ccnc12)=O)c1cccc(c1)OC)=O,0
Cc1ccc2c(c1)cc(cn2)C(NC(CNC(c1cnn2c(C)ccnc12)=O)c1cccc(c1)OC)=O,0
C1C(CC1(CNC(c1cn2cccc(c2n1)F)=O)O)CNC(c1cnc(c2ccccc2)o1)=O,0
CC(C)(C)OC(c1ccc(cn1)C(=O)OCC1=Cc2ccccc2C(N1)=O)=O,0
CC(C)(C)OC(c1ccc(cn1)C(=O)OCC1=Cc2ccccc2C(N1)=O)=O,0
Cc1ccc2c(c1)cc(cn2)C(NC(CNC(c1ccn2c(ccn2)c1)=O)c1cccc(c1)OC)=O,0
Cc1ccc2c(c1)cc(cn2)C(NC(CNC(c1ccn2c(ccn2)c1)=O)c1cccc(c1)OC)=O,0
CC1=CC(=CN(C)C1=O)C(NCC(c1ccc(cc1F)F)NC(c1cnc(c2ccccc2)o1)=O)=O,0
CCOC(c1ccn(c2ccccc2NC(c2cc(C(=O)OC)[nH]c2)=O)n1)=O,0
CC1=CC(=CN(C)C1=O)C(NCC(c1cccc(c1)OC)NC(c1cc2cc(C)ccc2nc1)=O)=O,0
Cc1ccc2c(cnn2c1C)C(NC(CNC(c1ccc2nccn2c1)=O)c1cccc(c1)OC)=O,0
Cc1ccc2c(cnn2c1C)C(NC(CNC(c1ccc2nccn2c1)=O)c1cccc(c1)OC)=O,0
COC(c1cc(C(N(CC2NC(c3c(ccs3)N=2)=O)Cc2ccccc2)=O)n2CCCCc12)=O,0
Cc1cn2ccnc(C(NCC(C3CCOC3)NC(c3cnc(c4ccccc4)o3)=O)=O)c2n1,0
Cc1cn2ccnc(C(NCC(C3CCOC3)NC(c3cnc(c4ccccc4)o3)=O)=O)c2n1,0
Cc1cc(C(N[C@H]2C[C@@H](CN(C2)C(c2ccn3c(ccn3)n2)=O)O)=O)c2cc(ccc2n1)OC,0
Cc1ccc2c(c1)cc(cn2)C(NC(CNC(c1cscc1C(N)=O)=O)c1cccc(c1)[Cl])=O,0
Cc1ccc2c(c1)cc(cn2)C(NC(CNC(c1cscc1C(N)=O)=O)c1cccc(c1)[Cl])=O,0
C(C1=Cc2ccccc2C(N1)=O)OC(c1ccc(cc1)c1csc(N)n1)=O,0
CC(C)(C)OC(Nc1cnc(cn1)C(=O)OCC1=Cc2ccccc2C(N1)=O)=O,0
CC(C)(C)OC(Nc1cnc(cn1)C(=O)OCC1=Cc2ccccc2C(N1)=O)=O,0
Cc1cn2cc(ccc2n1)C(NC[C@@H](c1ccccc1)NC(c1cnn(c2ccc(cc2)[Cl])n1)=O)=O,0
Cc1cn2cc(ccc2n1)C(NC[C@@H](c1ccccc1)NC(c1cnn(c2ccc(cc2)[Cl])n1)=O)=O,0
C(C(c1ccc(cc1F)F)NC(c1cnc(c2ccccc2)o1)=O)NC(c1ccc2nncn2c1)=O,0
Cc1ccc2c(cnn2c1C)C(NC(CNC(C1=Cc2cccn2C(N1)=O)=O)c1cccc(c1)OC)=O,0
Cc1ccc2c(cnn2c1C)C(NC(CNC(C1=Cc2cccn2C(N1)=O)=O)c1cccc(c1)OC)=O,0
COc1ccccc1C1=CC=C(C(N1)=O)C(=O)OCC1=Cc2ccccc2C(N1)=O,0
COc1ccccc1C1=CC=C(C(N1)=O)C(=O)OCC1=Cc2ccccc2C(N1)=O,0
Cn1ccc2c(ccnc12)C(NCC(c1cccc(c1)[Cl])NC(c1cnc(c2ccccc2)o1)=O)=O,0
Cn1ccc2c(ccnc12)C(NCC(c1cccc(c1)[Cl])NC(c1cnc(c2ccccc2)o1)=O)=O,0
C(C1=CNNC1=O)C(NC[C@@H](c1ccccc1)NC(c1cnn2ccc(c(c12)F)[Cl])=O)=O,0
COC(C(N[C@H]1C[C@@H](CN(C1)C(c1cc(cnc1)c1cccc(c1)F)=O)O)=O)c1cccc(c1)OC,0
C1CN(CC1(CNC(c1ccc2cc(c3ccccc3)[nH]c2c1)=O)O)C(c1cncc2cn[nH]c12)=O,0
C1CN(CC1(CNC(c1ccc2cc(c3ccccc3)[nH]c2c1)=O)O)C(c1cncc2cn[nH]c12)=O,0
Cc1ccc2c(c1)cc(cn2)C(NC(CNC(C1COc2ccccc2C=1)=O)c1cccc(c1)OC)=O,0
C([C@@H](c1ccccc1)NC(c1cnc(c2ccccc2)o1)=O)NC(c1ccc2cnccc2c1)=O,0
C([C@@H](c1ccccc1)NC(c1cnc(c2ccccc2)o1)=O)NC(c1ccc2cnccc2c1)=O,0
Cc1cccc(C)c1NC(CNC(CN(C)C(c1ccc(c(c1F)OC)F)=O)=O)=O,0
CC(CN(C)C(c1cccc2c1nc(N)o2)=O)N(C)C(c1ncn(c2ccccc2)n1)=O,0
Cc1cccc(C)c1NC(CNC(CN(C)C(c1ccc2c(c1)C(NCCO2)=O)=O)=O)=O,0
CCc1csc(n1)n1cc(cn1)C(N(CC1NC(c2c(ccs2)N=1)=O)Cc1ccccc1)=O,0
CCc1csc(n1)n1cc(cn1)C(N(CC1NC(c2c(ccs2)N=1)=O)Cc1ccccc1)=O,0
COc1ccc(cc1n1cnnn1)C(N(CC1NC(c2c(ccs2)N=1)=O)Cc1ccccc1)=O,0
C1CCC(=CC1)C(NCC(c1ccc(cc1F)F)NC(c1cnc(c2ccccc2)o1)=O)=O,0
C(C(c1cccc(c1)[Cl])NC(c1cnc(c2ccccc2)o1)=O)NC(c1cccc2c1nc[nH]2)=O,0
C1CC(CC(Nc2ccccc2NC(CCN2C(c3ccccc3C(N2)=O)=O)=O)=O)C=C1,0
COc1cccc(c1)C(CNC(c1c(ccc(c1F)N)F)=O)NC(C1COc2ccc(cc2C=1)F)=O,0
Cc1cc(ccc1F)C(NCC(c1ccc(cc1F)F)NC(c1cnc(c2ccccc2)o1)=O)=O,0
Cc1cc(ccc1F)C(NCC(c1ccc(cc1F)F)NC(c1cnc(c2ccccc2)o1)=O)=O,0
C1C(CC1(CNC(C1COc2ccc(cc2C=1)F)=O)O)CNC(c1cnc(c2ccccc2)o1)=O,0
CN1C=Cn2cc(C(N(CC3NC(c4c(ccs4)N=3)=O)Cc3ccccc3)=O)nc2C1=O,0
C(C1=CNNC1=O)C(NC[C@@H](c1ccccc1)NC(C1COc2ccc3ccccc3c2C=1)=O)=O,0
C(C(c1cccc(c1)[Cl])NC(c1cnc(c2ccccc2)o1)=O)NC(C1=CSc2nccn12)=O,0
C(C(c1cccc(c1)[Cl])NC(c1cnc(c2ccccc2)o1)=O)NC(C1=CSc2nccn12)=O,0
Cc1ccc2c(cnn2c1C)C(NC(CNC(c1c2CCCCc2no1)=O)c1cccc(c1)OC)=O,0
Cc1ccc2c(cnn2c1C)C(NC(CNC(c1c2CCCCc2no1)=O)c1cccc(c1)OC)=O,0
C(C(c1cccc(c1)[Cl])NC(C1COc2ccc(cc2C=1)F)=O)NC(c1cccn2c1ccn2)=O,0
Cc1ccc(c(C(NCC(c2cccc(c2)OC)NC(c2coc3ccc(cc23)F)=O)=O)c1F)F,0
C(C1NC(c2c(ccs2)N=1)=O)N(Cc1ccccc1)C(c1cccc(c1)N1C(C=CC(N1)=O)=O)=O,0
COc1cccc(CC(N[C@H]2C[C@@H](CN(C2)C(c2ccnc(c2)n2cccc2)=O)O)=O)c1,0
CC(C(NCC(c1ccc(cc1F)F)NC(c1cc(c2ccsc2c1)O)=O)=O)N1CCNC1=O,0
C1[C@@H](CN(C[C@H]1O)C(c1cc2C(Nc3ccccc3c2s1)=O)=O)NC(c1ccnc(CO)c1)=O,0
C1CC2(CC2(C1)C(NCC(c1ccc(cc1F)F)NC(C1COc2ccc(cc2C=1)F)=O)=O)C(N)=O,0
Cc1cccc(C)c1NC(CNC(CN(C)C(c1ccc2CCOC(c2c1)=O)=O)=O)=O,0
Cc1c(C(N2C[C@H](C[C@@H](C2)O)NC(c2cc(C)nc3ccc(cc23)OC)=O)=O)nn2CCCOc12,0
Cc1nc(c2ccccc2C(NC[C@@H](C)NC(c2cnn(c2)c2ccc(c(c2)[Cl])[Cl])=O)=O)on1,0
Cc1nc(c2ccccc2C(NC[C@@H](C)NC(c2cnn(c2)c2ccc(c(c2)[Cl])[Cl])=O)=O)on1,0
C(C(c1cccc(c1)[Cl])NC(C1COc2ccccc2C=1)=O)NC(c1cccc2nccn12)=O,0
C(C(c1cccc(c1)[Cl])NC(C1COc2ccccc2C=1)=O)NC(c1cccc2nccn12)=O,0
C(C(c1ccc(cc1F)F)NC(c1cc(c2ccsc2c1)O)=O)NC(c1cccn2cncc12)=O,0
Cc1ccc2c(c1)cc(cn2)C(NC(CNC(c1cnn2CCCOc12)=O)c1cccc(c1)OC)=O,0
COc1ccc(c(CC(N[C@H]2C[C@@H](CN(C2)C(c2ccnc(c2)c2ccccc2)=O)O)=O)c1)[Cl],0
Cn1cnnc1c1ccccc1C(NCC(C1CC1)NC(c1cnn2ccc(c(c12)F)[Cl])=O)=O,0
CC(C)(C)OC(Nc1ccc(C(N(CC2NC(c3c(ccs3)N=2)=O)Cc2ccccc2)=O)nn1)=O,0
CC(C)(C)OC(Nc1ccc(C(N(CC2NC(c3c(ccs3)N=2)=O)Cc2ccccc2)=O)nn1)=O,0
C(C(c1ccoc1)O)Nc1c2c(ncn1)nc(N1CCOCC1)s2,0
CC(CNc1cc(ncn1)N1C[C@H](C[C@H]1CC(O)=O)F)O,0
C1CC1Cc1cc(ncn1)N1CC2(C[C@@H]1CO)OCCO2,0
C1CN(CCC1NC(Nc1ccc2cccnc2n1)=O)[C@@H]1COC[C@H]1O,0
C(C(CO)Nc1cc(ncn1)N1CCOCC1)c1cncs1,0
C1CC2(CCOCC2)C(C1)(CNc1nccc(n1)N1CCCC1)O,0
C(C([O-])=O)[C@@H]1CN(C[C@H]1O)c1ccnc(c2ccccn2)n1.[K+;v15],0
C(CNc1ccnc(n1)N1CCOCC1)c1ccc2c(c1)scn2,0
C1CN(CCC1NC(NCCc1c[nH]c2c1cccn2)=O)[C@@H]1COC[C@H]1O,0
C1CCN(CC1)c1cc(ncn1)N1C[C@H](C[C@@H]1C(O)=O)O,0
C1CC[C@@H]2[C@@H](C1)CC(CNc1cc(ncn1)N1CCSCC1)O2,0
C1CN(C[C@H]([C@@H]1c1ccccc1)O)c1c2c(ncn1)scn2,0
C1CC(=O)OC1CNc1c2c(ncn1)nc(N1CCOCC1)s2,0
C(C#N)c1csc2c(cccc12)c1ccc(nc1)N1CC[C@H](C1)O,0
C1COC(CC1Nc1nccc(n1)N1Cc2ccccc2C1)CC(O)=O,0
C1CC(C(CO)O)N(C1)c1cncc(c2cccs2)n1,0
C1CC(C(CO)O)N(C1)c1cncc(c2cccs2)n1,0
C1CCC(CC1)CC(CNc1c2ccccc2ncn1)O,0
C1CCC2(C1)C[C@@H]([C@@H](CN(C2)c1nccc(NCc2ccccc2)n1)O)O,0
C1COCCC1c1csc(c2ccc(nc2)N2CC[C@H](C2)O)n1,0
C1COCCC1c1csc(c2ccc(nc2)N2CC[C@H](C2)O)n1,0
C1CCC(CC1)CC(CNc1ccn2ccnc2n1)O,0
CNc1cc(ncn1)N1C[C@@H](C[C@@H]1CNC(NCc1nc2ccccc2[nH]1)=O)O,0
C1CCN(C1)c1ncc(CN[C@@H](Cc2ccccc2)C(C(O)=O)O)cn1,0
C1CC2C(CCC(C1N2c1ccnc(Cc2ccccc2)n1)O)O,0
C1COCCC12[C@@H]([C@H](CO2)Nc1cc(ncn1)n1ccnc1)O,0
C1CCN(C(C1)CO)c1cc(NCCc2cnc3COCCn23)ncn1,0
C1CC(CN(C1)c1cc(CNC(NCC2=CSc3nccn23)=O)ccn1)O,0
C(C1CN(Cc2ccccc12)c1nc(c2ccccc2n1)NCCO)C(O)=O,0
C1CC2(CCC1C2)C(CNc1nccc(n1)N1CCOCC1)O,0
C1CN(CCC1NCc1cc2c(c[nH]c2nc1)[Br])[C@@H]1COC[C@H]1O,0
C(CC(Cc1ccccc1)Nc1c2c(ncn1)nc(N1CCOCC1)s2)CO,0
C1CC(CN(C1)c1cc(CNC(NC(c2ccccc2)c2ccoc2)=O)ccn1)O,0
C1CC(CN(C1)c1cc(CNC(NC(c2ccccc2)c2ccoc2)=O)ccn1)O,0
C(CN1CCOC1=O)CN(CCO)c1c2c(c(c3ccccc3)ns2)ncn1,0
C1CN(c2ccccc12)c1cc(N[C@@H]2C[C@@H](C[C@H]2O)C#N)ncn1,0
C1CC(CN(C1)c1ncc(cn1)c1cc(cs1)[C@@H]1C[C@H]1CC(O)=O)O,0
C(c1c[nH]cn1)[C@@H](C(Nc1ccc2c(c1)nc([nH]2)N1CCOCC1)=O)O,0
C1[C@H](CO)N(CC12OCCO2)c1cnc2ccc(cc2n1)[Br],0
C(c1ccc(nc1)N1CCOCC1)N[C@@H]1CO[C@@H]2CNC[C@H]12,0
C1[C@H]2C[C@H]([C@H]1C[C@H]2CNc1ccnc(n1)N1CCOCC1)O,0
C1CN(c2nc3ccc(cc3s2)[Br])[C@@H](C[C@@H]1CO)CO,0
C(C#N)c1cc2cc(ccc2s1)c1ccc(nc1)N1CC[C@H](C1)O,0
C(C#N)c1cc2cc(ccc2s1)c1ccc(nc1)N1CC[C@H](C1)O,0
C1CC12C[C@@H](CO)N(C2)c1cc(NCc2ccccc2)ncn1,0
C1CN(CCC12CC(CO)OC2)c1ncc2cc[nH]c2n1,0
C1CCCN(CC1)c1c2ccccc2c(NC(CC2CCCCO2)CO)nn1,0
C1CCC(CC1)CC(CNc1c2c(ncn1)nc[nH]2)O,0
C1CC(CN(C1)c1cc(CNC([C@@H]2C[C@@H]3CCCN3C(N2)=O)=O)ccn1)O,0
C1CC1n1ccc2c(NCC[C@@H]3COC[C@H]3O)ncnc12,0
C(c1ccccc1)Nc1ccnc(n1)N1C[C@H]2[C@@H]([C@@H]1CO2)O,0
CC(c1coc2ccccc12)Nc1cc(ncn1)N1CCCC(C1)CO,0
C1CCC(CC1)CN(CCO)c1c2c(cn(C3CC3)c2ncn1)[Br],0
C1CC1n1cc(c2c(NCC(c3ccsc3)O)ncnc12)[Br],0
C1CN(CCC1NC(N[C@H]1c2ccccc2C[C@H]1CO)=O)[C@@H]1COC[C@H]1O,0
CCn1cnc2c(NC(CC3CCOC3)CO)nccc12,0
C1CCC(C1)(CCNc1cc(ncn1)N1CCc2ccccc12)C(O)=O,0
C1CCC(C1)(CCNc1cc(ncn1)N1CCc2ccccc12)C(O)=O,0
C1CC1N1CCO[C@@H](CNc2c3c(ncn2)[nH]cn3)C1,0
C(c1ccccc1)[C@@H](C(C(O)=O)O)NCc1ccc(nc1)N1CCOCC1,0
C1C(CO)COC1CNc1c2c(ncn1)nc(N1CCOCC1)s2,0
C1CC[C@@H]2[C@@H](C1)C[C@H](CN2c1nccc(c2ccoc2)n1)C(O)=O,0
C1CC[C@@H]2[C@@H](C1)C[C@H](CN2c1nccc(c2ccoc2)n1)C(O)=O,0
C1C[C@@H]2[C@@H]([C@@H]([C@@H]2C1)NC1CCN(CC1)c1cc(ccn1)[Br])O,0
C1CC2(CCC1C2)C(CNc1cccc(C2(CCOC2)O)n1)O,0
C(CC(CNc1ccc2c(nccn2)n1)O)C1CC1,0
C1CC2(CCC1C2)C(CNc1ccc(nn1)n1ccnc1)O,0
Cc1ccc2ccc(nc2c1)N1C[C@@H]2C[C@H](CO)[C@@H]2C1,0
C1CC(CN(C1)c1ncc(cn1)c1cc2CC(Cc2nc1)C(O)=O)O,0
C1CCN(C1)c1cc(NCC(C(c2ccccc2)(F)F)O)ncn1,0
C1CN(CCC1CNCC(Cc1ccc2ccccc2c1)O)c1ccncn1,0
C1CCN(CC1)c1cc(NC[C@@H]2CN[C@H]3CCC[C@@H]3O2)ncn1,0
C1CC(CN(C1)c1cc(CNC(C[C@@H]2CN[C@@H]3COC[C@H]3O2)=O)ccn1)O,0
C1CCC(CC1)c1cc(NC23CCC(C2)[C@@H]([C@@H]3O)O)ncn1,0
C1[C@@H](CO)O[C@@H](CN1c1nc2cccnc2s1)CO,0
C1CCN(C1)c1ccnc(N[C@H]2C[C@@H](CO)[C@@H]3C[C@H]23)n1,0
C1CN(CCC1NCc1nc2CCOCc2[nH]1)c1cc(ccn1)C(O)=O,0
C1CC[C@H]2[C@@H](C1)C[C@@H](CNc1cc(ncn1)N1CCCC1CO)N2,0
COc1ccc(cc1)NC(NCc1ccc(cc1)C(N1CCCCC1)=O)=O,0
Cc1c(cccc1O)C(N[C@@H]1CC[C@@H](CC1)NC(Cc1cnsc1)=O)=O,0
COCc1ccccc1CNC(c1ccc2c(c1)OC(N2)=O)=O,0
Cc1c(cccc1O)C(N[C@H]1CC[C@H](CC1)NC(c1ccn2ccnc2n1)=O)=O,0
Cc1c(cccc1O)C(N[C@H]1CC[C@H](CC1)NC(c1ccn2ccnc2n1)=O)=O,0
Cc1c(cccc1O)C(NCc1ccc(CNC(c2cocn2)=O)cc1)=O,0
Cc1c(cccc1O)C(N1[C@H]2CC[C@@H]1CN(C2)C(Cc1cnc(C2CC2)[nH]1)=O)=O,0
CC1COC(CN1c1cnc(cn1)C(N)=O)c1cc(C)ccc1C,0
C1COC(CN1c1cnc(cn1)C(N)=O)c1cccc(c1)OC(F)(F)F,0
C1COC(CN1c1cnc(cn1)C(N)=O)c1cccc(c1)OC(F)(F)F,0
CC(C)C(C(NCc1ccc2c(c1)nc(N)o2)=O)c1ccccc1,0
CC(C)NC(Nc1ccc(CNC(c2ccc(C#N)cc2)=O)cc1)=O,0
C1CNC([C@H]1NC(c1ccc(NC(Nc2ccccc2)=O)s1)=O)=O,0
C(C(CO)NC(c1ccc2c(c1)oc(N)n2)=O)c1ccc(cc1)F,0
C(c1ccc2c(c1)NC(=O)O2)NC(Nc1ccccc1OC(F)F)=O,0
C(c1ccc2c(c1)NC(=O)O2)NC(c1ccccc1I)=O,0
C(C(NCC1=CNC(c2ccccc12)=O)=O)c1c2ccccc2[nH]n1,0
C(C(NCC1=CNC(c2ccccc12)=O)=O)c1c2ccccc2[nH]n1,0
C(c1ccc2c(c1)NC(=O)O2)NC(c1cc2ccccc2[nH]1)=O,0
C(c1ccc2c(c1)NC(=O)O2)NC(c1cccc(c1)[Cl])=O,0
C(c1ccc2c(c1)NC(=O)O2)NC(c1cccc(c1)[Cl])=O,0
C(c1ccc2c(c1)OC(N2)=O)NS(Cc1ccccc1)(=O)=O,0
CC(c1ccccc1C(NCc1ccc2c(c1)OC(N2)=O)=O)=O,0
C1[C@H]2CN(C(c3ccccn3)=O)[C@H]1CN2C(c1ccc(cc1)C(N)=O)=O,0
C(C(Nc1ccc2c(c1)OC(N2)=O)=O)N1CC(Nc2ccccc12)=O,0
Cc1c(cccc1C(NCc1ccc(c(c1)[Cl])O)=O)C(N)=O,0
c1ccc2c(c1)C(NC(NC(c1ccc(cc1)C(N)=O)=O)=N2)=O,0
c1ccc2c(c1)C(NC(NC(c1ccc(cc1)C(N)=O)=O)=N2)=O,0
c1cc(ccc1C(N)=O)c1cc(cnc1)c1ncc[nH]1,0
c1cc(ccc1C(N)=O)c1cc(cnc1)c1ncc[nH]1,0
Cc1c(cccc1O)C(Nc1cccc(c1)c1ccc(nc1)O)=O,0
c1ccc(c(c1)C(Nc1ccc2c(c1)OC(N2)=O)=O)OC(F)(F)F,0
c1ccc(c(c1)C(Nc1ccc2c(c1)OC(N2)=O)=O)OC(F)(F)F,0
Cc1c(cccc1O)C(NCc1ccc(cc1)c1nc(C)[nH]n1)=O,0
c1ccc(c(c1)NC(Nc1ccc2c(c1)OC(N2)=O)=O)OC(F)F,0
C1CN(CC=C1c1ccccn1)C(c1ccc(C(N)=O)nc1)=O,0
c1ccc(c(c1)NC(Nc1ccc2c(c1)OC(N2)=O)=O)OC(F)(F)F,0
c1ccc(c(c1)NC(Nc1ccc2c(c1)OC(N2)=O)=O)OC(F)(F)F,0
c1ccnc(c1)c1cccnc1C(Nc1ccc(C(N)=O)nc1)=O,0
Cc1c(cccc1C(Nc1c(cccc1[Cl])O)=O)C(N)=O,0
Cc1c(cccc1O)C(NCc1cc(cc(c1[Cl])F)S(NC)(=O)=O)=O,0
C(C1c2ccccc2C(NN=1)=O)C(NCC(c1ccccc1C(F)(F)F)=O)=O,0
Cc1c(cccc1C(Nc1cc(c(cc1F)O)[Cl])=O)C(N)=O,0
Cc1cc(c(cc1[Cl])NC(c1cccc(C(N)=O)c1C)=O)O,0
C[C@H](c1ccc(CNS(c2ccc3CCS(c3c2)(=O)=O)(=O)=O)cc1)N,0
C1C[C@H](CC[C@H]1NC(Nc1ccc(cc1)OCc1cccnc1)=O)O,0
c1ccc2c(c1)C(c1ccccc1O2)NC(c1ccc2c(c1)OC(N2)=O)=O,0
C(C(Nc1ccc2c(c1)NC(=O)O2)=O)N1CC(Nc2ccccc12)=O,0
CC(NC1CCN(CC1)C(c1cc(n(C)c1)S(N)(=O)=O)=O)=O,0
C1CN(CCN1C(c1ccccn1)=O)c1ccc(C(N)=O)nn1,0
C(C(Nc1ccc(cc1)C(NCC(F)(F)F)=O)=O)c1c2ccccc2[nH]n1,0
C(C(Nc1ccc(cc1)C(NCC(F)(F)F)=O)=O)c1c2ccccc2[nH]n1,0
C[C@@H](c1ccc(c(c1)F)F)NS(c1ccc2CCS(c2c1)(=O)=O)(=O)=O,0
Cc1ccc(cc1C)[C@H](C)NS(c1ccc2CCS(c2c1)(=O)=O)(=O)=O,0
COc1ccc(cc1)C1(CC1)NS(c1ccc2CCS(c2c1)(=O)=O)(=O)=O,0
CC(C)C1CCCN(CC1)S(c1ccc2CCS(c2c1)(=O)=O)(=O)=O,0
COc1ccc(CNS(c2ccc3CCS(c3c2)(=O)=O)(=O)=O)c(c1)F,0
CC(C)C1CCC(CC1)CNS(c1ccc2CCS(c2c1)(=O)=O)(=O)=O,0
Cc1c(cc(cc1[Cl])S(NNC(c1ccccc1O)=O)(=O)=O)[Cl],0
Cc1c(cc(cc1[Cl])S(NNC(c1ccccc1O)=O)(=O)=O)[Cl],0
CCc1ccc(cc1)[C@@H](C)NS(c1ccc2CCS(c2c1)(=O)=O)(=O)=O,0
CC(C)CC(N[C@H]1CCN(C1)C(c1cc(n(C)c1)S(N)(=O)=O)=O)=O,0
c1ccc(cc1)NC(c1ccc(cc1)C(NC1NC(c2ccccc2N=1)=O)=O)=O,0
c1ccc(cc1)NC(c1ccc(cc1)C(NC1NC(c2ccccc2N=1)=O)=O)=O,0
Cc1c(cccc1O)C(Nc1ccc(cc1)NC(C1CC1)=O)=O,0
Cc1c(cccc1O)C(NCc1ccc(cc1)OCC(N)=O)=O,0
Cc1c(cccc1O)C(Nc1ccc(cc1)NC(NCCOC)=O)=O,0
CC(C)NC(Nc1ccc(cc1)NC(c1cccc(c1C)O)=O)=O,0
Cc1c(cccc1O)C(NCc1cccc(c1)C(Nc1ccncc1)=O)=O,0
c1ccc2c(ccc(c2c1)NC(c1ccc2c(c1)OC(N2)=O)=O)[Br],0
c1ccc2c(ccc(c2c1)NC(c1ccc2c(c1)OC(N2)=O)=O)[Br],0
C(c1ccc(cc1)C(Nc1ccccc1)=O)SC1NC(c2ccccc2N=1)=O,0
C(c1ccc(cc1)C(Nc1ccccc1)=O)SC1NC(c2ccccc2N=1)=O,0
CC(NC1CCC(CC1)NCCS(c1ccc(cc1)C(C)(C)C)(=O)=O)=O,0
Cc1c(cccc1O)C(NCc1ccc(CNC(c2ccc[nH]2)=O)cc1)=O,0
CC(CN1CCCCCC1)NS(c1ccc2CCS(c2c1)(=O)=O)(=O)=O,0
Cc1c(cccc1O)C(Nc1ccc(CNC(N)=O)cc1)=O,0
c1ccc(c(c1)NNC(c1ccc2c(c1)OC(N2)=O)=O)OC(F)(F)F,0
C[C@H](CNS(c1ccc2CCS(c2c1)(=O)=O)(=O)=O)N1CCCC1,0
Cc1c(cccc1[Cl])C(Nc1ccc(cc1)NC(N)=O)=O,0
Cc1c(cccc1[Cl])C(Nc1ccc(c(c1)OC)NC(N)=O)=O,0
CC(Nc1ccc(CNC(c2cccc(c2C)O)=O)cn1)=O,0
C1CC(CCC1CNS(c1ccc2CCS(c2c1)(=O)=O)(=O)=O)(F)F,0
C(C(Nc1ccc(cc1)NC(CC(F)(F)F)=O)=O)c1c2ccccc2[nH]n1,0
C[C@@H](c1ccc(nc1)O)NS(c1ccc2CCS(c2c1)(=O)=O)(=O)=O,0
C(c1ccccc1OC(F)(F)F)NC(c1ccc2c(c1)NC(=O)O2)=O,0
c1ccc(c(c1)C(NNC(c1ccc2c(c1)NC(=O)O2)=O)=O)O,0
CC(C)Oc1ccccc1CNC(c1ccc2c(c1)NC(=O)O2)=O,0
C(c1ccccc1c1ccc(cc1)[Cl])NC(c1ccc2c(c1)NC(=O)O2)=O,0
CC(c1ccccc1c1ccccc1)NC(c1ccc2c(c1)NC(=O)O2)=O,0
c1ccc(cc1)S(NC(c1ccc2c(c1)NC(=O)O2)=O)(=O)=O,0
c1ccc(cc1)c1ccccc1NC(c1ccc2c(c1)NC(=O)O2)=O,0
c1ccc(c(c1)c1c(cccc1F)F)NC(c1ccc2c(c1)NC(=O)O2)=O,0
Cc1cccc(C)c1Oc1ccccc1NC(c1ccc2c(c1)NC(=O)O2)=O,0
c1ccc2c(c1)C(c1ccccc1O2)NC(c1ccc2c(c1)NC(=O)O2)=O,0
c1ccc2c(c1)C(c1ccccc1O2)NC(c1ccc2c(c1)NC(=O)O2)=O,0
C(CC(Nc1ccc(cc1)NC(N)=O)=O)C1NC(c2ccccc2N=1)=O,0
C(CC(Nc1ccc(cc1)NC(N)=O)=O)C1NC(c2ccccc2N=1)=O,0
CC(Nc1ccc(cc1)NC(CC1c2ccccc2C(NN=1)=O)=O)=O,0
CC(Nc1ccc(cc1)NC(CC1c2ccccc2C(NN=1)=O)=O)=O,0
CN(C)CC(Nc1ccc(cc1)NC(CCc1c2ccccc2[nH]n1)=O)=O,0
c1ccc(cc1)C(C(Nc1ccc2c(c1)OC(N2)=O)=O)c1ccccc1,0
Cc1ccc(C(NNS(c2cc(cc(c2)[Cl])[Cl])(=O)=O)=O)c(c1)O,0
C1CN(CCN1C(c1ccccc1)=O)C(c1ccc2c(c1)OC(N2)=O)=O,0
c1ccc(c(c1)C(NNC(c1ccc2c(c1)OC(N2)=O)=O)=O)F,0
C(c1ccccc1OC(F)(F)F)NC(c1ccc2c(c1)OC(N2)=O)=O,0
C(c1ccccc1OC(F)(F)F)NC(c1ccc2c(c1)OC(N2)=O)=O,0
C(c1cccc2ccccc12)NC(c1ccc2c(c1)OC(N2)=O)=O,0
COc1ccc(cc1)OCc1nnc(n1c1ccccc1F)SCC(N)=O,0
C1CC(N(C1)c1cccc(c1)C(NC1COc2ccccc2NC1=O)=O)=O,0
COC(Cc1ccc(cc1)NC(c1c[nH]nc1c1ccc(cc1)F)=O)=O,0
C1CC(CNC(C(Cc2c[nH]c3ccccc23)NC(c2ccc(cc2)[Cl])=O)=O)OC1,0
CC(CCC(O)=O)NC(C(Cc1ccccc1)N1C(c2ccccc2C1=O)=O)=O,0
C(CC(NC(Cc1ccc(cc1)O)C(O)=O)=O)CN1C(c2ccccc2C1=O)=O,0
C#CCCCC(N1CCc2c(C1)c(C(O)=O)nn2c1ccccc1)=O,0
COc1ccc(C(NCc2ccc(cc2)c2ccccc2C(O)=O)=O)c(c1)F,0
CN1CCC(CC1)C(N1CCNC([C@@H]1Cc1c[nH]c2ccccc12)=O)=O,0
CNCc1ccc(cc1)Oc1ccccc1,0
CC(C)N1CCC(C1=O)NC(C1CCCN(C1)Cc1ccccc1)=O,0
Cc1c(C(=O)OC)c(NC(COc2ccccc2)=O)sc1C(=O)OC,0
Cc1c(C(=O)OC)c(NC(COc2ccccc2)=O)sc1C(=O)OC,0
C(C(c1ccc(cc1)F)NC(=O)OCC1c2ccccc2c2ccccc12)C(O)=O,0
COc1ccc(cc1)NC(COc1ccccc1C(Nc1ccccc1)=O)=O,0
COc1ccc(cc1)NC(COc1ccccc1C(Nc1ccccc1)=O)=O,0
CNc1cccc(c1[Br])F.[Cl],0
COc1ccc(cc1[Br])F,0
CCCC(Nc1nc2ccc(cc2s1)NS(c1ccc(cc1)C(O)=O)(=O)=O)=O,0
CNc1c(cccc1[Br])F.[Cl],0
Cc1c(cc(cn1)c1ccccc1)NC(c1c(cccc1OC)OC)=O,0
Cc1c(cc(cn1)c1ccccc1)NC(c1c(cccc1OC)OC)=O,0
C1CC1c1nnc(n1Cc1ccccc1)SCC(NCc1ccccc1)=O,0
CNC(c1cc(ccn1)Oc1ccccc1NC(c1c(cccn1)F)=O)=O,0
CNC(CNC(c1cccc(c1)[Cl])c1ccccc1OC)=O,0
C1C(C(Nc2c(cccn2)OCc2ccccc2)=O)Oc2ccccc2O1,0
C1C(C(Nc2c(cccn2)OCc2ccccc2)=O)Oc2ccccc2O1,0
CNC(CNC(c1cccc(c1)[Cl])c1ccccc1[Cl])=O,0
C(c1ccccc1)NC(c1ccccc1OCC(Nc1ccccc1C(F)(F)F)=O)=O,0
C(c1ccccc1)NC(c1ccccc1OCC(Nc1ccccc1C(F)(F)F)=O)=O,0
C(C(Nc1ccc(cc1F)F)=O)OC(c1cccc(c2ccccc2)n1)=O,0
C(C(Nc1ccc(cc1F)F)=O)OC(c1cccc(c2ccccc2)n1)=O,0
CCC(Nc1nc(C)c(s1)S(NCCO)(=O)=O)=O,0
Cc1cc(nc(NC(c2ccncc2c2ccccc2)=O)n1)OC,0
Cc1ccnc(CNC(N2CCC(CC2)C(O)=O)=O)c1,0
COc1cc(CC(Nc2ccccc2c2cccc(c2)[Cl])=O)ncn1,0
Cn1cc(C(Nc2c(c3ccc(cc3)OC)nccn2)=O)nc1,0
Cn1c(c(cn1)c1ccccc1)NC(COc1ccc(cc1)F)=O,0
COc1cc(NC(c2ccc(cc2)c2ccccc2C#N)=O)nc(n1)OC,0
COc1cc(NC(c2ccc(cc2)c2ccccc2C#N)=O)nc(n1)OC,0
c1cc(cc(c1)N)C(Nc1ccc(cn1)c1cc(c(C(N)=O)c(c1)F)F)=O,0
c1cc(cc(c1)N)C(Nc1ccc(cn1)c1cc(c(C(N)=O)c(c1)F)F)=O,0
Cn1c(ccn1)c1ccc(cc1)C(Nc1nncs1)=O,0
Cn1c(ccn1)c1ccc(cc1)C(Nc1nncs1)=O,0
C1CC(C(N(C1)c1ccc(C#N)cc1)=O)NC(c1cc(c2ccncc2)[nH]n1)=O,0
C1C(CN(C1=O)c1ccccc1)C(NCC(Nc1ccc(C#N)cc1)=O)=O,0
C(C(Nc1ccc(C#N)cc1)=O)NC(c1cc(c2ccccc2)[nH]n1)=O,0
C(C(Nc1ccc(C#N)cc1)=O)NC(c1cc(c2ccccc2)[nH]n1)=O,0
C(C(NCC(Nc1ccc(C#N)cc1)=O)=O)c1c(c2cccs2)ncs1,0
COc1ccc2c(c1)C(C=C(C(Nc1cccc(c1)C(O)=O)=O)N2)=O,0
COc1ccc2c(c1)C(C=C(C(Nc1cccc(c1)C(O)=O)=O)N2)=O,0
C1CC(N(C1)c1cccc(c1)C(NCC(Nc1ccc(C#N)cc1)=O)=O)=O,0
C1CC(N(C1)c1cccc(c1)C(NCC(Nc1ccc(C#N)cc1)=O)=O)=O,0
COc1cccc(C(NCc2cnn(c2)c2ccc(cc2)C(F)(F)F)=O)n1,0
CCOC(c1c2CN(CCc2[nH]n1)C(CNC(C)=O)=O)=O,0
CC(NCc1ccc(cc1F)C(NCC#CCNC(c1cncnc1)=O)=O)=O,0
C(Cc1c2ccccc2[nH]n1)C(NCC(Nc1ccc(C#N)cc1)=O)=O,0
Cc1c(CC(NCC(Nc2ccc(C#N)cc2)=O)=O)nc(c2ccccc2)o1,0
Cc1c(CC(NCC(Nc2ccc(C#N)cc2)=O)=O)nc(c2ccccc2)o1,0
COc1ccc(cc1)c1c(c[nH]n1)C(NCC(Nc1ccc(C#N)cc1)=O)=O,0
C(C(NCC(Nc1ccc(C#N)cc1)=O)=O)c1ccc2c(c1)OCCO2,0
C(C(Nc1ccc(C#N)cc1)=O)NC(c1cnnn1c1ccccc1)=O,0
CCOc1ccc(CCNC(C(c2ccccc2)N2CCCCC2=O)=O)cc1OCC,0
CCc1c(c2ccc(cc2)OC)nc(NC(CCc2ccccc2O)=O)s1,0
CCc1ccccc1OCC(NC(Cc1ccccc1)C(Nc1ccccc1)=O)=O,0
C1CC1c1cc(C(NC(Cc2ccccc2)C(Nc2ccccc2)=O)=O)n[nH]1,0
CN(C)Cc1ccc(cc1)c1ccccc1CNC(C1CCS(CC1)(=O)=O)=O,0
CC(C)(C)c1nnc(C(Nc2cccc(c2)NC(COc2ccccc2)=O)=O)[nH]1,0
Cc1ccccc1n1c(ccn1)NC(C1CC(N(C1)C(C)(C)C)=O)=O,0
C1CN(CC1NC(NCC(NCc1ccccc1)=O)=O)Cc1ccc(cc1)C(F)(F)F,0
COc1ccc(cc1c1ccccc1)C(Nc1cccnn1)=O,0
CN1CCC(C1=O)NC(C=Cc1cc(c(c(c1)[Cl])OC)OC)=O,0
C(Cn1ccnc1)Cn1c2ccccc2nc1NC(CNC(c1ccc(cc1)[Cl])=O)=O,0
COC(c1ccoc1CSc1ccccc1C(NC1CCS(CC1)(=O)=O)=O)=O,0
CC(C(NCCc1ccccc1)=O)Oc1cccc(c1)OC,0
Cc1cc(cnc1)NC(c1ccccc1c1ccccc1OC)=O,0
CNc1cc(ccc1[Br])F.[Cl],0
Cc1ccc(CC(NC(C(Nc2ccc(cc2F)[Br])=O)c2ccccc2)=O)o1,0
COc1cc(NC(COc2ccccc2c2ccccc2)=O)ncn1,0
COc1cc(NC(COc2ccccc2c2ccccc2)=O)ncn1,0
CC(N1CCCCC1C(Nc1nc2ccc(cc2s1)S(N1CCCC1)(=O)=O)=O)=O,0
CC(C(Nc1ccc(C#N)cc1)=O)OC(c1ccc(cc1)C(Nc1ccccc1)=O)=O,0
CC(C(Nc1ccc(C#N)cc1)=O)OC(c1ccc(cc1)C(Nc1ccccc1)=O)=O,0
CC(NCCc1ccc(cc1)C(C=Cc1ccccc1)=O)=O,0
CC(C)Oc1ccc(cc1)S(Nc1ccc(nc1)Oc1cccc(c1)C(N)=O)(=O)=O,0
C1CC1(C(O)=O)C(Nc1nccs1)=O,0
CC(C)(C(NCc1nc2ccccc2[nH]1)=O)NC(c1ccccc1)=O,0
CCCC(C(O)=O)NC(C(CCSC)N1C(c2ccccc2C1=O)=O)=O,0
c1cc(ccc1NC(c1cc(co1)C(O)=O)=O)F,0
C(Cc1cncc2ccccc12)C(NC(Cc1ccccc1)C(Nc1ccccc1)=O)=O,0
CCOC(c1c(C)oc(NC(c2cccs2)=O)n1)=O,0
COC(CCCC(Nc1ccccc1Cc1ccccn1)=O)=O,0
CCOC(c1ccc(cc1)NC(C(Cc1ccc(C#N)cc1)C#N)=O)=O,0
CCOC(c1c2CCCCc2sc1NC(CS(CCCc1ccccc1)(=O)=O)=O)=O,0
CCOC(c1c2CCCCc2sc1NC(CS(CCCc1ccccc1)(=O)=O)=O)=O,0
C1[C@H](c2ccccc2)[C@@H]1C(NCC(Nc1ccc(C#N)cc1)=O)=O,0
COc1ccc(cc1)NC(c1ccccc1NC(C=Cc1cc(ccc1OC)OC)=O)=O,0
COc1ccc(cc1)c1c(NC(CCCc2ccccc2)=O)nccn1,0
C(C(C(Nc1ccccc1)=O)NC(c1ccc2c(c1)NC(=O)O2)=O)c1ccccc1,0
CCOC(c1ccc(cc1)C(Nc1ccc(cc1)C(NCc1ccccc1)=O)=O)=O,0
CCOC(c1ccc(cc1)C(Nc1ccc(cc1)C(NCc1ccccc1)=O)=O)=O,0
CC(C(Nc1ccc(C#N)cc1)=O)OC(CCc1nc(c2ccc(cc2)OC)no1)=O,0
COC(c1ccc(CCNC(CSCC(Nc2ccccc2F)=O)=O)cc1)=O,0
C(Cc1ccccc1)CNC(COc1ccccc1C(NCc1ccccc1)=O)=O,0
COc1ccc(C=NOCc2ccccc2F)cc1OC,0
COc1ccccc1CNC(C(Cc1ccccc1)NC(c1cccs1)=O)=O,0
COc1ccccc1CNC(C(Cc1ccccc1)NC(c1cccs1)=O)=O,0
CC1(C)CC(C1)(C(N1CCC(CN(C)C(c2cc3cc[nH]c3nc2)=O)(C1)O)=O)O,0
CC[C@H](CNC(c1cc2cc[nH]c2nc1)=O)NC(c1cccc2c1nnn2C)=O,0
C1C[C@@H]2C[C@@H](C[C@H]1N2C(c1cc2cc[nH]c2nc1)=O)NC(C1(CCO)CC1)=O,0
CCC(C)(CO)C(NCC1(CCN(CC1)C(c1cc2c(C)c[nH]c2nc1)=O)O)=O,0
CC1(C)CC(C1)(C(N1CCCC2(CCN(C2)C(c2ccc(N)nc2)=O)C1)=O)O,0
CC(C)(C(N[C@@H]1CCN(C1)C(c1cc2cc[nH]c2nc1)=O)=O)c1ccno1,0
C1CN(C[C@@H]([C@H]1NC(C1(CC1(F)F)CF)=O)O)C(c1cc2cc[nH]c2nc1)=O,0
CC(c1nc(cs1)C(N[C@@H]1CC[C@@H]1NC(c1cc2cc[nH]c2nc1)=O)=O)=O,0
C[C@@]1(CCN(C1)C(c1cc2cc[nH]c2nc1)=O)NC(C[C@@H]1CCCC[C@H]1O)=O,0
Cc1c2cccc(C(NCC3CN(C3)C(c3cc4cn[nH]c4nc3)=O)=O)c2[nH]n1,0
C(Cc1nnc(C2CC2)o1)C(NC1CN(C1)C(c1cc2cc[nH]c2nc1)=O)=O,0
Cc1c[nH]c2c1cc(cn2)C(N1CC(C)(C1)NC(Cc1c2ccccc2on1)=O)=O,0
CC(C)C(C(C(N[C@H]1CCN(C1)C(c1cc2c(C)c[nH]c2nc1)=O)=O)(F)F)O,0
CC1CC(CC(N[C@H](C)CNC(c2cc3cc[nH]c3nc2)=O)=O)ON=1,0
CC(C)C(CNC(c1cccc2c1ncn2C)=O)NC(c1cc2cc[nH]c2nc1)=O,0
C[C@H](CNC(C1CCCC1(F)F)=O)NC(c1cc2cc[nH]c2nc1)=O,0
CC(C(NC1(CC=C)CN(C1)C(c1cc2cc[nH]c2nc1)=O)=O)S(C)(=O)=O,0
Cc1cc(C(NC2(CC2)CNC(c2ccc(N)nc2)=O)=O)nn1c1ccccc1F,0
Cc1c(cnc(N)n1)C(N1CCC(CC1)(Cc1cccnc1)O)=O,0
C1CN(CCC1(Cn1ccnn1)O)C(c1cc2cc[nH]c2nc1)=O,0
C1CC(c2cn(c3ccccc3CO)nn2)N(C1)C(c1cc2cc[nH]c2nc1)=O,0
C1CCN(C1)C(C1(CC1)C(NCC1CCN(CC1)c1c2cc[nH]c2ncn1)=O)=O,0
CN(CC1(CCN(CC1)C(c1c2cc[nH]c2ncn1)=O)O)C(Cc1ccoc1)=O,0
CC1(CN(C1)C(c1cc2cc[nH]c2nc1)=O)NC(C1CCCN1S(C)(=O)=O)=O,0
C1CC1c1cccc(C(NCC2(CCN(C2)C(c2cc3cc[nH]c3nc2)=O)O)=O)n1,0
C1CC1c1cccc(C(NCC2(CCN(C2)C(c2cc3cc[nH]c3nc2)=O)O)=O)n1,0
CCOC(c1c(C)nc(C2CCN(CC2)C(c2cnc3c(cc[nH]3)c2C)=O)[nH]1)=O,0
C1C[C@H]([C@@H]1NC(C1COCCC1(F)F)=O)NC(c1ccc(N)nc1)=O,0
Cc1cc(CCC(NC2(C)CN(C2)C(c2c3cc[nH]c3ncn2)=O)=O)no1,0
CC1(C)CC(CCN(C1)C(c1ccc(N)nc1)=O)NC(C1(CCC1)CO)=O,0
C(C1CS(CCN1)(=O)=O)C(Nc1cc2cc[nH]c2nc1)=O,0
C1COC[C@H]([C@@H]1Nc1cnc(c(n1)[Cl])N)O,0
C1COC[C@H]([C@@H]1Nc1cnc(c(n1)[Cl])N)O,0
Cc1cccc(NC(C2CCN(CC2)c2nc(N)nc(N)n2)=O)n1,0
Cc1c[nH]c2c1cc(cn2)C(N1CCC[C@H](CNC([C@H](CO)N(C)C)=O)C1)=O,0
Cc1cccc(c1)C(NCCNC(CCn1cnc2c(N)ncnc12)=O)=O,0
Cc1c[nH]c2c1cc(cn2)C(N1CCC[C@@H]1CNC(c1cccc2ccnn12)=O)=O,0
C1CC(CNC(c2cccc3ccoc23)=O)N(C1)C(c1cc(c(N)nc1)[Cl])=O,0
C1CC(C1)(CO)C(NCC[C@H]1CCCN1C(c1c2cc[nH]c2ncn1)=O)=O,0
COc1ccncc1C(N[C@H]1CCN(C1)C(c1cc2cc[nH]c2nc1)=O)=O,0
CCCS(NC1CCN(CC1)c1c2cc[nH]c2ncn1)(=O)=O,0
CC(c1cccc(c1)NC(CSCc1nc(N)nc(N)n1)=O)=O,0
Cc1c[nH]c2c1cc(cn2)C(N[C@@H]1CNC[C@H]1S(C)(=O)=O)=O,0
C1CC(CNC(CCn2cnc3c(N)ncnc23)=O)C(C1)=O,0
CC(C)C(C)(C(N[C@@H]1CCCN(C1)C(c1c2cc[nH]c2ncn1)=O)=O)O,0
Cc1c(C(N(C)CC2(CN(C2)C(c2cc3cc[nH]c3nc2)=O)O)=O)noc1C1CC1,0
C1CN(CCC12CC2(CO)C#N)C(c1cc2cc[nH]c2nc1)=O,0
CCN(CC1NC(c2ccccc2N=1)=O)C(c1cnc2c(cc[nH]2)c1C)=O,0
Cc1cncc(C(NCC(C2CCC2)NC(c2cc3cc[nH]c3nc2)=O)=O)c1O,0
C1CC(C1)(CC(N1CC2(C1)CN(CC2CO)C(c1cc2cc[nH]c2nc1)=O)=O)O,0
C1CC(C1)(CC(N1CC2(C1)CN(CC2CO)C(c1cc2cc[nH]c2nc1)=O)=O)O,0
Cn1c(ccn1)C1(CCN(CC1)C(c1cc2c(nc1)[nH]cn2)=O)O,0
CC(C)C(CC(N1CC[C@](C)(C1)NC(c1cc2cn[nH]c2nc1)=O)=O)O,0
CC(C)C(CC(NC[C@H]1C[C@@H]2CC[C@H](C1)N2C(c1cc(c(N)nc1)[Cl])=O)=O)O,0
C1CNC(C1C(NCCN(C1CC1)C(c1ccc(N)nc1)=O)=O)=O,0
C1CCN(C1)c1nccc(C(N[C@@H]2CC[C@H]2NC(c2cc3cc[nH]c3nc2)=O)=O)n1,0
C1CCN(C1)c1nccc(C(N[C@@H]2CC[C@H]2NC(c2cc3cc[nH]c3nc2)=O)=O)n1,0
C1C[C@H]([C@@H]1NC(c1cc(c(N)nc1)[Cl])=O)NC(c1csc(C(F)F)n1)=O,0
COc1ccc(C(N[C@@H]2CC[C@H]2NC(c2ccc(N)nc2)=O)=O)nc1,0
CN(C)S(c1ccsc1C(NCCn1cnc2c(N)ncnc12)=O)(=O)=O,0
CCn1cc(c(C(N[C@]23C[C@@H]3CN(C2)C(c2ccc(N)nc2)=O)=O)n1)[Cl],0
C(CNC(c1csc(CO)n1)=O)C1CN(c2ccccc12)c1c2cn[nH]c2ncn1,0
C(CNC(c1csc(CO)n1)=O)C1CN(c2ccccc12)c1c2cn[nH]c2ncn1,0
C1CC1(CC(NC[C@]12C[C@@H]2CN(C1)C(c1cc2cc[nH]c2nc1)=O)=O)CO,0
C(Cn1cnc2c(N)ncnc12)NC(c1c2c(cs1)OCCO2)=O,0
C1C[C@H]([C@@H]1NC(CC1(CC1)CO)=O)NC(c1cc2cc[nH]c2nc1)=O,0
CC(C)C(CC(N[C@@H]1CC[C@H]1NC(c1cc(c(N)nc1)[Cl])=O)=O)O,0
Cc1ccc(C(N[C@@H]2CN(CC[C@H]2CO)C(c2cc3cc[nH]c3nc2)=O)=O)nc1C,0
CC(C)(CNC(Cn1cccn1)=O)NC(c1cc(c(N)nc1)[Cl])=O,0
CC(C(NC[C@H]1CCCN(C1)C(c1c2cc[nH]c2ncn1)=O)=O)Oc1cccnc1,0
CC1(C)C(CO)N(CCO1)C(c1cc(c2ccccc2O)[nH]n1)=O,0
CC1(C)CCNC(c2cc(C(NCCc3c[nH]nc3C(F)(F)F)=O)oc12)=O,0
Cc1c2CN(CCc2[nH]n1)C(C(C)(C)C(c1ccccc1)F)=O,0
CNC(c1cc(CNc2c3CCCCc3n[nH]2)ccc1F)=O,0
C(CO)C(c1ccc(cc1)OC(F)(F)F)NC(c1ccnc2c1CCN2)=O,0
C(CO)C(c1ccc(cc1)OC(F)(F)F)NC(c1ccnc2c1CCN2)=O,0
CCc1c[nH]c2c1c(NCC1(CCO)CCOCC1)ncn2,0
CC(C)(CNC(c1cc(C2(C)CC2)n[nH]1)=O)C1=CC(C=CN1)=O,0
Cc1cc2CN(CCOc2c(c1)[Br])C(NCc1cc(C)n[nH]1)=O,0
C(CNC(c1ccnc2c1CCN2)=O)c1c[nH]nc1C(F)(F)F,0
C(CNC(c1ccnc2c1CCN2)=O)c1c[nH]nc1C(F)(F)F,0
Cc1ccccc1C1(CN(C1)C(Cc1nnc(C2CCOCC2)[nH]1)=O)F,0
C1COCCC12C(CN2C(c1c2c(c[nH]c2ncn1)[Br])=O)(F)F,0
C1CC(C1)(CNc1cnc(c(n1)[Cl])N)C1=CC(C=CN1)=O,0
COc1cccc(c1)C(C(N1CCc2c(C1)n[nH]c2CO)=O)(F)F,0
C1COCc2c(C3CN(C3)C(C(c3cccc(c3[Cl])F)(F)F)=O)n[nH]c12,0
CC1(C)CN(Cc2cccc(c12)F)c1c2c(NCCO2)ncn1,0
CN(C)C(C1(CC(C1)(F)F)NC(c1c2c(ccnc2[nH]n1)[Cl])=O)=O,0
Cc1c(C2CCOCC2)n[nH]c1NCc1c(ccc(C)n1)O,0
CN(C(c1ccnc2ccc(cc12)F)=O)C1(CCCC1)C(N)=O,0
CC(C)(C(N1CC(C1)c1c2COCCc2[nH]n1)=O)c1cscc1[Cl],0
COc1cc(ccc1CCC(N1CC(C1)c1c2CCCc2[nH]n1)=O)[Br],0
Cc1c2ccc(cc2[nH]n1)C(N1CCNC(C(C1)(F)F)=O)=O,0
C1CCC(CC1)(C(N1CCc2c(C1)c(CO)n[nH]2)=O)Oc1ccc(cc1)[Cl],0
C1COC(CN1C(c1cc(c2ccccc2O)[nH]n1)=O)(C(F)(F)F)C(F)(F)F,0
Cc1c2c(ncnc2[nH]c1C)N1CC(C)(C)OC2(CCC2)C1,0
CC(C)CN(Cc1ccc(cn1)[Cl])C(c1c2CCCNc2[nH]n1)=O,0
C1CC1(C(N1Cc2cc(nnc2C1)O)=O)c1ccc(c(c1)[Br])[Cl],0
C1CC1(C(N1Cc2cc(nnc2C1)O)=O)c1ccc(c(c1)[Br])[Cl],0
Cc1ccc(cc1OC)C(C(NCC1=CC2CCCC=2NC1=O)=O)(F)F,0
C1CC2(C1)C(CN2C(C1=Cc2ccc(cc2C(N1)=O)[Cl])=O)(F)F,0
C1CC2(C1)C(CN2C(C1=Cc2ccc(cc2C(N1)=O)[Cl])=O)(F)F,0
CC(C)(c1cc(no1)[Cl])NC(c1ccnc2c1CCN2)=O,0
CC(C)(c1cc(no1)[Cl])NC(c1ccnc2c1CCN2)=O,0
Cc1c2CCCn2c(n1)SC1C(NC2CCCCC=2N=1)=O,0
CCOc1c(CC(N2CC(C2)c2c3CCCc3[nH]n2)=O)cccc1[Cl],0
COc1cc(CCC(N2CCc3c(C2)c(n[nH]3)[Br])=O)cnc1,0
C1CC(C1)(CNC(c1c2CC(CCc2[nH]n1)(F)F)=O)C1=CC(C=CN1)=O,0
C1CN(Cc2c1ccnc2O)C(c1ccc(cc1C(F)(F)F)C1CC1)=O,0
C1C(CC1(F)F)(CNC(c1c2cc(c(cc2[nH]n1)F)[Br])=O)C(N)=O,0
CC1(CN(C1)C(c1c2ccc(cc2n[nH]1)OC(F)(F)F)=O)CS(C)=O,0
CCCC1(CN(C1)c1c2cc(ccc2ncn1)C(F)(F)F)O,0
CC(C)(C)c1cc(CNC(C2(CCC2)n2cccn2)=O)n[nH]1,0
Cc1nc(c2cn[nH]c2n1)N1CC(C)(C)OC2(CCOCC2)C1,0
COC1CC2(C1)CC(C2)(CO)NC(c1c2cc(cnc2[nH]n1)[Br])=O,0
C1C(CN1C(C1=Cc2c(cccc2[Br])C(N1)=O)=O)(C(F)F)O,0
C1C(CN1C(C1=Cc2c(cccc2[Br])C(N1)=O)=O)(C(F)F)O,0
C1CN(C2CC2)S(N(C1)C(c1c2cc(cnc2[nH]n1)[Br])=O)(=O)=O,0
C1CN(C2CC2)S(N(C1)C(c1c2cc(cnc2[nH]n1)[Br])=O)(=O)=O,0
C1CC(CCC1=Cc1cc2c(c[nH]c2nc1)S(N)(=O)=O)(F)F,0
C1C(CN1C(C1=Cc2ccc(cc2C(N1)=O)[Cl])=O)SCC(F)(F)F,0
CCC1(COC1)N(C)C(c1c2cc(cnc2[nH]n1)[Br])=O,0
CCC1(COC1)N(C)C(c1c2cc(cnc2[nH]n1)[Br])=O,0
CCC(C#N)Oc1cccc(CNc2ncc3c(n2)SCC(N3)=O)c1,0
Cc1ccc(cc1C)C(C)(CO)NC(c1c2CCCNc2[nH]n1)=O,0
C1COc2ccc(cc2C1CNc1ncc2c(n1)SCC(N2)=O)[Br],0
C1CC2C=C(CNC(C3(CC3)c3ccc(cn3)[Cl])=O)C(NC=2C1)=O,0
C1CN(CC2COC(C1=2)=O)C(c1cc(c2c(c1)nn[nH]2)[Br])=O,0
Cc1cn(C(C)(C)C(N2CCc3c(C2)c(C)n[nH]3)=O)nc1C(F)(F)F,0
CC(C)C(N1CC(CNc2nc(c3ccc(cc3n2)[Cl])O)(C1)F)=O,0
CC(NCCN(CC1CC1)C(C1=Cc2ccc(cc2C(N1)=O)[Cl])=O)=O,0
C1CCc2c(C1)cc(CNC(C(c1cc(sc1)[Cl])(F)F)=O)c(n2)O,0
C1CCc2c(C1)cc(CNC(C(c1cc(sc1)[Cl])(F)F)=O)c(n2)O,0
CCc1c[nH]c2c1c(NC1CC(C1)CS(C)(=O)=O)ncn2,0
C1CNc2c(cccn2)C1NC(C1(CC1)Sc1ccccc1)=O,0
C1CC1C1(CC(F)F)CN(C1)c1c2c(C#N)c[nH]c2ncn1,0
C1CC1C1(CC(F)F)CN(C1)c1c2c(C#N)c[nH]c2ncn1,0
C1CC(C1)(c1cc(ccc1F)[Cl])NC(CC1C=C(C(NN=1)=O)C(F)(F)F)=O,0
C1CC1(C(NCC1C=C(C(NN=1)=O)C(F)(F)F)=O)c1cc(C#N)cc(c1)F,0
CNC(C1CSCN1C(c1cc(c2ccccc2O)[nH]n1)=O)=O,0
C1CC(C1)(CNC(c1c2CSCCc2[nH]n1)=O)c1cccc(n1)O,0
CCN1C=CC=C(CNC(c2c3CC(CCc3[nH]n2)(F)F)=O)C1=O,0
C1CCC(CC1)(CNc1c2cc[nH]c2nc(N)n1)C(F)(F)F,0
CC(C)(C)c1cc(CNC(C2(CCC2)c2ncco2)=O)n[nH]1,0
CC1(C)CCc2c(C(N3CC(C)(C3)c3ccc(cc3)F)=O)n[nH]c2C1,0
C1C(CC1(F)F)(CNC(c1c2ccc(cc2n[nH]1)OC(F)(F)F)=O)C(N)=O,0
CC1C(C(NCc2cc(C(C)(C)C)[nH]n2)=O)c2ccccc2N1,0
C1Cc2ccccc2NC(C1Nc1cc(ncn1)OCC(F)(F)F)=O,0
CC(C)(C#N)C1CN(C1)C(c1cc(c2ccccc2O)[nH]n1)=O,0
C1Cc2ccccc2C1C(CO)Nc1c(c(N)ncn1)[Cl],0
Cc1ccc(cc1N1CCC(CNc2ncc3c(n2)SCC(N3)=O)C1)[Cl],0
CC(C)(C)c1cc(CNC(C2(C)Cc3ccccc3N2)=O)n[nH]1,0
C1C[C@H]2CNC([C@H]2N(C1)c1cc(Nc2ccccc2)ncn1)=O,0
CC1CCc2c(csc2C1)C(N1Cc2c(c[nH]n2)C1C(N)=O)=O,0
CC1(CNC(Nc2nc(c3cccc(c3)C(F)(F)F)ns2)=O)COC(N1)=O,0
C1CC1c1nc(NC(NCc2ccc(CO)cc2F)=O)sn1,0
CC(C)c1nnc(NC(NC2CCN(C2)C(Cc2ccccc2)=O)=O)[nH]1,0
C1CCN(C(C1)C(NC1CCNc2c1cccn2)=O)C(c1ccccc1)=O,0
CCOC([C@@H]1C[C@@H]([C@H](C1)Sc1nnc(c2ccccc2F)[nH]1)O)=O,0
Cc1c2CN(CCc2[nH]n1)C(C(C)(C)c1ccc(C#N)c(c1)[Cl])=O,0
C1CN(Cc2c(ccc(c12)O)F)C(C(Cc1ccccc1)NC(N)=O)=O,0
CC(c1cc(cnc1)NC(NC1CCN(Cc2ccc(C#N)cc2)C1=O)=O)(F)F,0
Cc1ccc(cc1)OCC(CN1C(=O)OC(c2ccccc2)=N1)O,0
Cc1cccn2cc(COc3ccccc3C(N)=O)nc12,0
C1CC(CN(C1)CC(Nc1ccc(cn1)[Cl])=O)OCCO,0
C(CNC(c1c2cc(ccc2[nH]n1)[Br])=O)c1ccccn1,0
C(CNC(c1c2cc(ccc2[nH]n1)[Br])=O)c1ccccn1,0
C1Cc2nnc(C3CCN(CC3)C(C3(CC=CC3)C(O)=O)=O)n2C1,0
Cn1c(ccn1)C1CCN(CC1)C(Nc1ccccc1CCOC)=O,0
CCC(NCC(NCc1ccc(cc1C(F)(F)F)OC(C)C)=O)=O,0
CC(COc1ccccc1OC)NC(C1=CC(Nc2ccc(cc12)F)=O)=O,0
CC(COc1ccccc1OC)NC(C1=CC(Nc2ccc(cc12)F)=O)=O,0
C1CN(CCC1N1CCNC1=O)C(Cc1cccc2ccccc12)=O,0
CN1CC(CCC1=O)NC1CCCOc2cc3CCCCc3cc12,0
CCOc1c(cccn1)NC(N(C)Cc1ccc2c(c1)OCO2)=O,0
CCc1cccnc1C(N1CCCN(CC1)C(N)=O)=O,0
C1CNC(CC1CNC(Nc1nc(C2CC2)ns1)=O)=O,0
CC(C)(C)c1ccccc1NC(CSC1=NNC(N1C)=O)=O,0
CCOc1ccc(cc1OCC)S(N1CCN(CC1)CC(O)=O)(=O)=O,0
C1CCC(C1)OCC(NCCCN1C(N2C=CC=CC2=N1)=O)=O,0
CC1(C)CN(CCN1C(Cc1c2ccccc2[nH]n1)=O)C(N(C)C)=O,0
C1CNC(N(C1)C1CCN(CC1)C(CC1C(Nc2ccccc2O1)=O)=O)=O,0
CC(C(c1ccccc1[Cl])OC)NC(Cc1c(C)n[nH]c1C)=O,0
C1CCc2c(C1)c1c(N)nc(CSc3nc4ncccn4n3)nc1s2,0
C1CCc2c(C1)c1c(N)nc(CSc3nc4ncccn4n3)nc1s2,0
CCCC(c1ccccc1)NS(N1CCC(CC1)C(O)=O)(=O)=O,0
CC1C=CN(CC(NCc2cccc(C)c2)=O)C(C=1C#N)=O,0
CCN1C(c2ccccc2N(CC(N(C)C(C)c2cccs2)=O)C1=O)=O,0
C1COCC2=C1N=CN(CC(NCc1ccc(cc1)OC(F)(F)F)=O)C2=O,0
CCNC(COc1ccc(CN[C@@H]2c3ccccc3C[C@@H]2O)cc1OC)=O,0
COC1(CCS(C1)(=O)=O)CNc1nc2cccc(c2o1)F,0
C1CNCc2cccc(c12)NC(Nc1ccccc1)=O,0
CC(CN(C)C(c1c2ccccn2c(C2CC2)n1)=O)(CO)CO,0
CC(CN(C)C(c1c2ccccn2c(C2CC2)n1)=O)(CO)CO,0
CC1CN(CC(N1)=O)C(c1c(Cn2cccn2)c2ccccc2o1)=O,0
Cn1cnnc1[C@@H]1C[C@H](CN1C(COc1ccc(cc1)F)=O)OC,0
Cc1ccccc1CN1CCCN(CC1)C(c1cccc(CS(C)=O)c1)=O,0
Cn1cccc1C(NCC1(CCCCC1)C(O)=O)=O,0
CN1CCC(CNC(c2cc[nH]n2)=O)C1c1ccc(c(c1)F)[Cl],0
Cc1c(cnn1c1cccc(c1)C(F)(F)F)C(NCc1nncn1C)=O,0
Cc1c(CNc2cccc(CN3CCC(CC3)CO)c2)scn1,0
Cc1ccc(cn1)C(Nc1cccc(CN2CCCC2C(N)=O)c1)=O,0
C1COCCN1C(CN1C(c2ccccc2NC1=O)=O)=O,0
CN(CCc1cccs1)C(CC(c1ccccc1)N)=O,0
COc1ccc(cc1OC)NC(CSc1c2ccccc2ncn1)=O,0
COc1ccc(cc1OC)NC(CSc1c2ccccc2ncn1)=O,0
C1COCC1c1cccc(c1)C(N(C1CC1)C1CC(NC1=O)=O)=O,0
Cc1cc(NC(CN2CCOC(C2)CN(C)c2cccnn2)=O)no1,0
Cc1nc(CN2CCCCC(C2=O)NCc2nccn2C)on1,0
CC(Cc1ccccc1OC)N[C@@H]1CCC(N(C)[C@H]1c1nccn1C)=O,0
C(Cc1cccc2c1OCO2)C(N1C[C@H](C[C@H]1CO)F)=O,0
Cc1nnc(CN2CCOCC2c2cccn2C)o1,0
CC(C)(C(O)=O)C(Nc1ccc(cc1)S(NCC(F)(F)F)(=O)=O)=O,0
Cc1c(cccc1NC(C1(CCCC1)C#N)=O)C(N1CCSCC1)=O,0
C1CC(N(C1)Cc1cccc(c1)C(NCc1cccnc1n1cccn1)=O)=O,0
C1CC2(C1)CN(C(c1cn([C@@H]3COC[C@H]3O)nn1)=O)c1cccc(c12)F,0
C1CC(N[C@H](C1)C(Nc1ccc(nc1)Oc1cccc(c1F)F)=O)=O,0
C1CC(CN(C1)CCC(O)=O)NC(c1ccc2ccccc2c1)=O,0
Cc1csc(C2CCCCN2C(Cn2cnnn2)=O)n1,0
C1CCN(C1)S(c1ccc(c(c1)NC(CN1C=CC=CC1=O)=O)O)(=O)=O,0
C(C1COCCN1C(c1cc(cnc1)[Br])=O)C(O)=O,0
CCN(CC)C(CS(Cc1cccc2c1OCCO2)(=O)=O)=O,0
Cn1cncc1CC(N1CCCCCCNC(C2CCCC12)=O)=O,0
Cc1c(csn1)C(NC(c1ccccc1)c1cccnc1)=O,0
C#CCNC(NC1CCCCC1n1cccn1)=O,0
CC(C)n1c(nnn1)SCC(N1CCNC1=O)=O,0
CCN1CCC[C@@H](CN(C)CC(Nc2cc(C)nn2C)=O)[C@@H]1c1cnn(C)c1,0
CC1(CCN(C1)C(c1cc(c(cc1[Cl])[Cl])SC)=O)O,0
CCNS(c1ccc2CCN(C(c3cc(C)on3)=O)c2c1)(=O)=O,0
CC(NCC1CN(CCO1)S(c1cc(cc(C)c1[Cl])C(O)=O)(=O)=O)=O,0
Cc1ccoc1CN(C)C([C@H]1CC(N(C)[C@@H]1c1cnn(C)c1C)=O)=O,0
CN(CC(N)=O)CC(NCc1ccccc1OC1CCCC1)=O,0
Cc1c2c(ncnc2on1)N(Cc1ccc(cc1)F)C1CC1,0
Cc1c2c(ncnc2on1)N(Cc1ccc(cc1)F)C1CC1,0
C(c1ccn(c2ccccc2)n1)Nc1ccncc1F,0
CCN(CC)CCCC1CCN(CC1)S(N1CCOCC1)(=O)=O,0
CCC1(CCN(CC1)C(C(O)=O)c1ccccc1[Br])O,0
C1CC(N(C1)c1cc(ccc1[Cl])C(N1CCN(CC1)c1cnccn1)=O)=O,0
CCc1ccc(C(COC)NC(c2ccc3c(c2)nc[nH]3)=O)o1,0
C[C@@H](C1CC1)NS(c1ccc(cc1OC)C(O)=O)(=O)=O,0
CC(N[C@H](CC1CCC1)C(N[C@@H]1C[C@H]1c1ccc(c(c1)F)[Cl])=O)=O,0
CN(C)Cc1csc(CNC(NC2CC23CCCCC3)=O)n1,0
CC1(C)COCC1NCc1nncn1c1ccccc1,0
CN(Cc1ccccc1[Cl])S(c1ccc2c(c1)NC(CC(N2)=O)=O)(=O)=O,0
COc1ccc(cc1CC(N[C@H]1COC[C@H]1Oc1cn[nH]c1)=O)F,0
CC1(C)Cc2cccc(c2O1)S(N(C)[C@@H]1COC[C@H]1O)(=O)=O,0
CC1CCCc2nc(cn12)S(N(C)c1ccc(C)cc1F)(=O)=O,0
C1CN(CCN1C(=O)OCC(F)(F)F)S(c1ccc(C(N)=O)o1)(=O)=O,0
Cn1c(CN[C@H]2CCO[C@@H]2c2ccc(nc2)OC)cnn1,0
CC(C)C(C(NC(N)=O)=O)Sc1cc(C)c2ccccc2n1,0
CC(C)C(C(NC(N)=O)=O)Sc1cc(C)c2ccccc2n1,0
Cn1c(C(N2CCCC(CC2)c2ccncc2)=O)c(cn1)C1CCC1,0
Cc1ccc(c(CCNCc2ccncc2)c1)OC,0
CCc1ccccc1S(N1CCCC(C1)C1NNC(N=1)=O)(=O)=O,0
C(CN(Cc1cccc(c1)[Br])C(C1COCCO1)=O)C(O)=O,0
CN(CC(Nc1cccc2ccccc12)=O)C(Cc1cccc(c1)OC)=O,0
CCN(CC)S(c1ccc(cc1)S(N1CCOCC1)(=O)=O)(=O)=O,0
COC(C1C2CCC(C2)C1NC(c1c(cccc1F)F)=O)=O,0
CCn1c(c2ccccc2)c(cn1)C(N1CC(C)(C1)C(O)=O)=O,0
CCCc1c(cco1)C(N1C[C@H](C[C@H]1CO)F)=O,0
Cc1c(C(N2CCOC3(CCOC3)C2)=O)c2ccccc2[nH]1,0
C1CCC(C1)NC(C1CC(N(C1)Cc1ccco1)=O)=O,0
CN(Cc1cccc(c1)O)C(NCC1Cc2ccccc2O1)=O,0
C1CCc2cc(CC(NCC(NC3CC3)=O)=O)ccc2C1,0
Cc1cnc(C(C)(C)NCC(NCC(F)(F)F)=O)s1,0
CNC(c1cccc(CCNC(N2CCc3ccccc3C2)=O)c1)=O,0
CN1Cc2cc(ccc2C1=O)OCC(Cn1cccn1)O,0
COc1ccc2c(CC(N(CCC(N)=O)c3ccccc3[Cl])=O)coc2c1,0
C1C(c2cccc(c2)C(F)(F)F)N(CC1O)C(CO)=O,0
Cc1cnn(CC2CN(CCO2)CC(Cn2cccn2)O)c1,0
C(C(COc1cccc2cccnc12)O)n1cccn1,0
CC(C)c1nccc(n1)N1CCC(C(C1)CO)(F)F,0
CCC(c1cc(C)cc(c1)OC)NC(c1c[nH]c2c1cncn2)=O,0
C1CC(CN(C1)c1c2c(c3ccccc3o2)ncn1)CO,0
CCC1(CCCN1C(c1csc(NC(C)=O)n1)=O)CO,0
C1CC(c2ccccc2C1)OCC(Cn1cccn1)O,0
C1CC(N2CCN(CC12)C(c1ccc2c(c1)c(n[nH]2)O)=O)=O,0
C1CNCCC12CC(CNC(c1c3cc[nH]c3ncn1)=O)OC2=O.C(C(F)(F)F)(O)=O,0
C1C(CC1=O)C(NC(C(N)=O)c1ccc2ccccc2c1)=O,0
C(C#N)C1(CN(C1)C(c1cc2cc(ccc2s1)F)=O)O,0
C(c1nnc(C(F)(F)F)[nH]1)n1cnc2ccccc12,0
C1CC(CN(C1)C1=CC(N2C=C(C=CC2=N1)[Cl])=O)CO,0
CCC([C@@H]1CCCN1C(c1ccc(cc1)C(N)=O)=O)=O,0
C(C(NS(c1ccccn1)(=O)=O)=O)c1c[nH]c2ccc(cc12)F,0
CC(N1CC(CC(C1)O)NC(c1cc(ccn1)c1ccccc1)=O)=O,0
C1CCC(C(C1)C(N)=O)Nc1c2c(ccs2)ncn1,0
CCc1nc(N2CCOCC2C2CCCC2O)sn1,0
Cc1ccc2c(c1)nc(NC(Cc1cncs1)CO)s2,0
CC(c1ccccc1)n1ccc(NC2CCN(C2=O)c2ccccc2)n1,0
Cc1c2c(ncnc2sc1C)N1CCCC(C1)CO,0
Cc1cc(CNC(N2CCC(CC2)c2cn[nH]c2)=O)on1,0
C1CC(CN(C1)c1c2c(csc2ncn1)c1ccccc1)CO,0
C1C(CNC(Nc2ccc(cc2)Oc2ccccc2C(N)=O)=O)c2ccccc2CN1,0
CC(Nc1ccc(c(c1)C(N1CCOC(C1)c1ccccc1)=O)O)=O,0
C1CC(CN(C1)c1c2ccc(cc2ncn1)[Cl])CO,0
CC(C(Nc1ccc(CN(C(C(C)n2cccn2)=O)c2ccccc2)cc1)=O)n1cccn1,0
C1CC1n1cnnc1CNc1cnc2cc(c(cc2n1)[Cl])[Cl],0
C1CC1n1cnnc1CNc1cnc2cc(c(cc2n1)[Cl])[Cl],0
C(C(COc1ccc(cc1)c1ccccc1)O)n1cncn1,0
C(C(COc1ccc(cc1)c1ccccc1)O)n1cncn1,0
Cc1nccn1c1cncc(NC2CCCC2O)n1,0
C1COCCC1(CNC(c1c[nH]c2c1cncn2)=O)C#N,0
CCc1c[nH]c2c1c(NCC(C)(C(C)C)O)ncn2,0
CCc1c[nH]c2c1c(NCC(C)(C(C)C)O)ncn2,0
CC(N1CCC[C@H](C1)Nc1c2c(ccn2C)ncn1)=O,0
CC(Nc1c[nH]nc1C1CCCN(C1)S(c1ccc(C)cc1)(=O)=O)=O,0
C1CC(CN(C1)c1c2cc(c(cc2ncn1)F)F)CO,0
Cc1cc(ccc1N1CCCC1=O)NC(CCCNC(c1ccsc1)=O)=O,0
Cc1cc(ccc1N1CCCC1=O)NC(CCCNC(c1ccsc1)=O)=O,0
CCCn1cc(cn1)NC(C)c1nc(C(C)C)no1,0
C1CC(CN(C1)c1c2cc(c3ccccc3)sc2ncn1)CO,0
C1CC(CN(C1)c1c2cc(c3ccccc3)sc2ncn1)CO,0
CCN1CCC(C1=O)Nc1c2cc(C)ccc2ncn1,0
C(C(COc1ccc(c2cccnc12)[Cl])O)n1cccn1,0
CC1(CCN(C1)c1c2ccncc2ncn1)CO,0
C1CC(C1)(CNc1cnc2ccccc2n1)O,0
C[C@@H]1C(N(C(N1)=O)c1ccc2c(c1)cc(C(NC)=O)[nH]2)=O,0
CC1CCN(CC1O)c1ccc(cc1C#N)[Cl],0
CC(NCCS(N1CCc2ccccc12)(=O)=O)=O,0
C1C2CN(C3C2CC1C3O)c1cncc(n1)n1cccn1,0
CC(c1c[nH]nn1)Nc1nc2ccc(cc2n1C)[Cl],0
CC(c1c[nH]nn1)Nc1nc2ccc(cc2n1C)[Cl],0
C(c1cccc(c1)C(N)=O)Nc1ccc(c(c1)[Cl])n1cncn1,0
CC(CO)C(c1ccc(cc1)[Br])Nc1cncc(n1)n1c(C)cc(C)n1,0
CC(N1C(c2ccccc2)SC(N)=N1)=O,0
CC(N1CCCC(C1)(C(NCc1ccc(Cn2cccn2)cc1)=O)O)=O,0
Cn1c2c(cn1)c(ncn2)N1CCCC(C1)CO,0
C1C(C(Nc2cccc3cnccc23)=O)c2ccccc2O1,0
CC1(C)CC(CN1c1cnc2ccccc2n1)O,0
Cc1ccc(cc1n1cnnn1)NCC(N(C)C)=O,0
C1CC2CN(CCN2C1)Cc1c[nH]nc1c1cccnc1,0
CC(C)n1cc(cn1)S(Nc1cc2CCCc2nc1)(=O)=O,0
C(C(Nc1ccccc1c1cn[nH]c1)=O)c1cc(cc(c1)[Cl])[Cl],0
C1CC(CN(C1)C(c1c2cc[nH]c2ncn1)=O)OCCO,0
C1CC(CC(C1CO)O)n1cnc2c(N)ncnc12,0
C1CN(CC1(Cn1ccnn1)O)c1ccc(C#N)cc1F,0
C1CC(CN(C1)c1ncc(cn1)c1cccc(CCO)c1)O,0
C1CC(CNc2cnc3ccccc3n2)C(C1)O,0
c1c(cncc1c1cc(cc(c1)[Cl])O)C(N)=O,0
C1C2CN(C3C2CC1C3O)c1ccc(C#N)cc1F,0
CC1(C)C(CC1NC(c1cccn2c1ccn2)=O)CNC(C1CC(=O)OC1(C)C)=O,0
CC(C)Cn1cc(cn1)NC(C1CCNC(C1)=O)=O,0
Cc1cc(C(N2CCCCC2C(N)=O)=O)ncn1,0
C(c1nccs1)NC(c1c[nH]c2c1cncn2)=O,0
CC(c1cccc(c1)NCC1=CC(N2C=CSC2=N1)=O)=O,0
C(c1nc2c(cc(cn2)[Br])[nH]1)O,0
C1CCN(C(C1)CCO)c1c2c(c3ccccc3o2)ncn1,0
CN(C(Cc1coc2cc(ccc12)OC)=O)c1cnn(C)c1,0
Cc1cccc2c1nc(NC1CCCN(C1)C(N)=O)s2,0
Cc1ccc(NCc2c[nH]nc2c2cccnc2)nc1,0
C(C(N1CCOCC1C(N)=O)=O)c1coc2ccccc12,0
C1CC(CN(C1)c1c2ccccc2ncn1)O,0
C1CC(CCO)CN(C1)c1c2cc([nH]c2ncn1)[Cl],0
Cc1cc(N2CCC(C(C2)CO)(F)F)n2c(ncn2)n1,0
CC(C)C1(CCCN(C1)c1c2cc[nH]c2ncn1)CO,0
CC(C)C1(CCCN(C1)c1c2cc[nH]c2ncn1)CO,0
C1CC(CC1CNc1cnc2cc(c(cc2n1)F)F)O,0
CCc1c[nH]c2c1c(NC1CCCC(C1)N(C)C)ncn2,0
C1CC(CN(C1)C(COc1cccc2ccccc12)=O)O,0
CC1CC1NC(CCCC1NC(c2ccccc2N=1)=O)=O,0
C1CC(C(C1)O)Nc1cc(cnc1)[Br],0
C(c1c(ccs1)[Br])Nc1cnc2ccccc2n1,0
CC(N1CCN(CC12CCCCC2)c1c2cc[nH]c2ncn1)=O,0
CC(CN1CCCC1=O)Nc1c2cnn(C)c2nc(C)n1,0
COC1CCCC(C1)Nc1cnc2cc(c(cc2n1)F)F,0
COC1CCCC(C1)Nc1cnc2cc(c(cc2n1)F)F,0
COCC(CNc1cnc2ccccc2n1)O,0
C1CN(C(c2cc(ccc2C(F)(F)F)O)=O)c2ccncc12,0
Cc1ccc(c(CNc2cnc3cc(c(cc3n2)F)F)c1)OC,0
Cc1cncc(NC2CCN(C2)Cc2cc(cc(c2)OC)OC)n1,0
CC(C)NS(C1CCN(C1)c1c2c3ccc(cc3[nH]c2ncn1)F)(=O)=O,0
CC(C)NS(C1CCN(C1)c1c2c3ccc(cc3[nH]c2ncn1)F)(=O)=O,0
Cc1c(C#N)cc(cn1)S(N1CCC(CC1)c1ccc(cc1[Cl])F)(=O)=O,0
Cc1c(C#N)cc(cn1)S(N1CCC(CC1)c1ccc(cc1[Cl])F)(=O)=O,0
CCc1cccc(C)c1C(N[C@@H]1CC[C@H]1CNC(c1c2cc[nH]c2ncn1)=O)=O,0
CC(C)c1ccc(cc1F)C(N1C[C@H]2C[C@H]1CN2C(c1ccc(C#N)n1C)=O)=O,0
CCc1ccc(c(C(NC2CN(C2)C(c2ccn3cnnc3c2)=O)=O)c1F)F,0
CCc1c(C)c(C(NC(C)[C@H]2CCCN2C(c2ccc(C#N)c(C)n2)=O)=O)no1,0
CCc1c(C)c(C(NC2CN(CC2(C)C)C(c2cc(C#N)c(C)cn2)=O)=O)no1,0
CC(C)n1cc(C)c(c1)C(NC1CC(C)(C)N(C1)C(c1cc(C#N)cn1C)=O)=O,0
CNS(C1CN(C1)c1c2c3ccc(cc3[nH]c2ncn1)[Br])(=O)=O,0
CNS(C1CN(C1)c1c2c3ccc(cc3[nH]c2ncn1)[Br])(=O)=O,0
c1cc(c(cc1F)F)n1c(NC(c2ccc3c(c2F)NC(N3)=O)=O)ncn1,0
Cc1c(cc(C#N)[nH]1)C(N1C[C@H]2C[C@H]1CN2C(c1c(cc(F)s1)[Cl])=O)=O,0
Cc1cc(ccc1c1ccc(cc1F)C(Nc1cc2C(N=CNc2cn1)=O)=O)F,0
Cc1cc(ccc1c1ccc(cc1F)C(Nc1cc2C(N=CNc2cn1)=O)=O)F,0
Cc1cc(NC(c2cnn3CCN(C)c23)=O)nn1c1ccc(c(c1)[Cl])[Cl],0
Cc1cc(cnc1C(N[C@H]1CCC[C@H]1NC(C(c1ccc(cc1)F)F)=O)=O)N,0
CCc1conc1C(N[C@H]1CCN(C(c2c3cc[nH]c3ncn2)=O)[C@@H]1CC)=O,0
C1CC1Cc1cc(NC(Nc2cc(c(C#N)c(c2)[Br])F)=O)[nH]n1,0
C1CC1Cc1cc(NC(Nc2cc(c(C#N)c(c2)[Br])F)=O)[nH]n1,0
CN1C=NN(C1=O)c1ccc(cc1)NC(Nc1cc(c(cc1F)OC)[Cl])=O,0
CN1C=NN(C1=O)c1ccc(cc1)NC(Nc1cc(c(cc1F)OC)[Cl])=O,0
Cc1ncc(n2c(CN3CCCC3=O)nc(Cc3ccc(cc3F)F)n2)s1,0
C1[C@@H]([C@H]1NC(c1c2cc[nH]c2ncn1)=O)NC(c1c(cccc1F)C(F)F)=O,0
CC(C)c1cc(CC(N2C[C@H]([C@H](C)C2)NC(c2ccc(C#N)cn2)=O)=O)on1,0
C[C@@H]1[C@H](CCN1C(c1ccc(C#N)n1C)=O)NC(c1c(con1)C(C)(C)C)=O,0
Cc1cc(C#N)ccc1C(N1CC(C1)NC([C@H]1[C@@H](c2nc(C)no2)C1(C)C)=O)=O,0
C1C[C@@H]([C@@H]1c1ccc(cc1F)F)NC(C1C(c2ccccc2NN=1)=O)=O,0
C1C[C@@H]([C@@H]1c1ccc(cc1F)F)NC(C1C(c2ccccc2NN=1)=O)=O,0
Cc1ccc(c(c1C(N[C@H]1[C@@H]2CN(C[C@H]12)C(c1cc(C#N)c[nH]1)=O)=O)F)[Cl],0
Cc1coc(c1C(NC[C@H]1[C@@H]2CN(C[C@H]12)C(c1c(C#N)nc[nH]1)=O)=O)C(C)(C)C,0
C1CN(CCC1c1ccc(cc1[Cl])F)S(c1c[nH]c2c1cncn2)(=O)=O,0
Cc1c2cc(ccc2sc1C#N)NC(Nc1ccn(C2CCNC2)n1)=O,0
Cc1c2cc(ccc2sc1C#N)NC(Nc1ccn(C2CCNC2)n1)=O,0
Cn1c(C#N)cc2CN(CCc12)C(C1(CC(C1)(F)F)c1ccc(cc1)[Cl])=O,0
Cc1c(cc(C#N)[nH]1)C(N1CCN(C[C@@H]1C)C(c1c(cccn1)C(C)(C)C)=O)=O,0
CC(C)(C)c1conc1C(N[C@H]1CCC[C@H]1NC(c1ccnc2c1cc[nH]2)=O)=O,0
CC(C)(C)c1conc1C(N[C@H]1CCC[C@H]1NC(c1ccnc2c1cc[nH]2)=O)=O,0
C1[C@@H](CNC(c2c3cc[nH]c3ncn2)=O)[C@@H]1NC(c1ncc(C(F)F)s1)=O,0
CC1C(C)(C)c2cc(ccc2N=1)S(N1CCc2c(C1)cc(C#N)n2C)(=O)=O,0
Cc1cccc(c1F)OCC(N1CC[C@@H](C1)NC(c1cc(C#N)[nH]c1C)=O)=O,0
Cc1cc(cc(C)c1CNC(=O)OC(C)(C)C)C(Nc1c2cc[nH]c2ncn1)=O,0
Cc1cc(cc(C)c1CNC(=O)OC(C)(C)C)C(Nc1c2cc[nH]c2ncn1)=O,0
Cc1cc(cc(C)c1C(N[C@H]1CCN(C(c2ccc(C#N)n2C)=O)[C@@H]1C)=O)OC,0
CC(C)c1ccc(cc1F)C(N1CC(C1)N(C)C(c1cc(C#N)ccc1C)=O)=O,0
Cc1cc(C#N)cnc1C(NC1CC(C1)n1cc(c2ccc(c(c2)F)F)nn1)=O,0
Cc1cc(C#N)cnc1C(NC1CC(C1)n1cc(c2ccc(c(c2)F)F)nn1)=O,0
Cc1cc(C(N2CCn3c(Cc4cccc(c4F)F)nnc3C2)=O)[nH]c1C#N,0
C1CC1CS(c1ccc(c(C(Nc2ncc3c(cn[nH]3)n2)=O)c1F)F)(=O)=O,0
CCc1c(ccc(C(C)C)n1)C(N[C@H]1CN(C[C@H]1C)C(c1cc(C#N)[nH]c1)=O)=O,0
C1CC(N(C1)c1ccc(NC(N[C@H]2CC[C@H]2c2ccc(cc2F)F)=O)nc1)=O,0
C1CC(N(C1)c1ccc(NC(N[C@H]2CC[C@H]2c2ccc(cc2F)F)=O)nc1)=O,0
CC(C)(C)[C@@H]1[C@H](CCN1C(Cc1ccn[nH]1)=O)NC(c1c2cc[nH]c2ncn1)=O,0
Cc1c(cccc1F)C1(CC1)C(N[C@H]1CCN(C1)C(c1cc(C#N)[nH]c1C)=O)=O,0
CCc1ccc(c(c1)C(NC1CN(C1)C(c1cc2ccc(nc2nc1)O)=O)=O)F,0
CCc1ccc(c(c1)C(NC1CN(C1)C(c1cc2ccc(nc2nc1)O)=O)=O)F,0
CS([C@@H]1CNC[C@H]1Nc1c2c(csc2ncn1)c1ccc(cc1)F)(=O)=O,0
C1CS(c2ccc(cc2C1NC(Nc1c2ccoc2ccn1)=O)F)(=O)=O,0
C1CS(c2ccc(cc2C1NC(Nc1c2ccoc2ccn1)=O)F)(=O)=O,0
CC1=C(C(NN=C1C)=O)C(N1CC(C1)NC(c1c(C)ccc(c1F)[Cl])=O)=O,0
C1CCC(C(C1)C(N)=O)NC(Nc1cncc(c1[Br])F)=O,0
Cc1cc(NC(Nc2ccc(c3cccc(c3)F)c(c2)F)=O)nn1CC(N)=O,0
Cc1c(C(N[C@H]2CCCC[C@H]2N(C)C(c2ccnc3c2cc[nH]3)=O)=O)nc(C)o1,0
C1C[C@@H]([C@H](C1)NC(c1c(c(ccn1)N)[Cl])=O)NC(c1cc(ccc1F)F)=O,0
CC(C)c1conc1CC(N1CC2(C1)CN(C2)C(c1c(C)cc(C#N)cn1)=O)=O,0
CC(C)c1c(cno1)C(N[C@H]1CCN(C(c2c3cc[nH]c3ncn2)=O)[C@@H]1C)=O,0
Cc1cc(C)c(C)c(c1)C(N[C@@]12CC[C@H]2CN(C1)C(c1cc(C#N)cn1C)=O)=O,0
CC(C)c1ccc(cc1F)C(N1CCN(CC1)C(c1ccc(C#N)c(C)n1)=O)=O,0
Cc1ccc(C(N[C@H]2CN(C[C@H]2C)C(c2cc(C#N)[nH]c2C)=O)=O)c(C2CC2)n1,0
CC(C)c1ccc(cc1F)C(NC1(C)CN(C1)C(c1cc(C#N)cc(C)n1)=O)=O,0
CC(C)Oc1ccc(C(Nc2c3cc[nH]c3ncn2)=O)c(c1F)[Br],0
CC(C)Oc1ccc(C(Nc2c3cc[nH]c3ncn2)=O)c(c1F)[Br],0
Cc1coc(c1C(N[C@H]1[C@@H]2CN(C[C@H]12)C(c1ccc(C#N)n1C)=O)=O)C(C)(C)C,0
COC(c1cccc(c1S(N1CCC2(C1)Oc1ccccc1O2)(=O)=O)F)=O,0
CN(C1CN(C1)C(c1ccc(s1)S(c1ccccc1)(=O)=O)=O)C1COC1,0
CCn1cc(c(C(N)=O)n1)NC(NCc1ccc(c2cccnc2)c(c1)F)=O,0
CCC1(CCN(CC1)C(c1ccccc1)=O)C(NCCN1C=CC(C=C1)=O)=O,0
C(CC(Nc1ccc(cc1)n1ccc(C(N)=O)n1)=O)C1CCc2ccccc2C1,0
C(CC(Nc1ccc(cc1)n1ccc(C(N)=O)n1)=O)C1CCc2ccccc2C1,0
Cc1ccnc(c1)c1cc(ccc1C)S(C)(=O)=O,0
Cc1ccnc(c1)c1cc(ccc1C)S(C)(=O)=O,0
C1CC1COc1ccc(CNc2cccc(c2)NC(N2CCNCC2)=O)cc1,0
C1CSc2ccc(cc2N1)C(NCc1cnn(c1)c1ccc(cc1)[Cl])=O,0
C1CSc2ccc(cc2N1)C(NCc1cnn(c1)c1ccc(cc1)[Cl])=O,0
COCC1CC2(C1)CN(C2)C(Nc1cccc(c1)NC(c1cccs1)=O)=O,0
C1CN(CCC1NC(CNC(Nc1ccccc1)=O)=O)C(CC1CC2CC2C1)=O,0
CN1C=C(C(N(C)C1=O)=O)S(N1CCN(C)c2cc(ccc12)OC)(=O)=O,0
COCCC(CNC(c1cnn(c1)c1ccc(c(c1)[Cl])[Cl])=O)N,0
CN(Cc1ccc(cc1)c1ccsc1)S(c1cnn(CCOC)c1)(=O)=O,0
CN(Cc1ccc(cc1)c1ccsc1)S(c1cnn(CCOC)c1)(=O)=O,0
CC(C)(C)c1cn2ccc(cc2n1)c1ccc(c(c1)S(N)(=O)=O)F,0
CC(C)(C)c1cn2ccc(cc2n1)c1ccc(c(c1)S(N)(=O)=O)F,0
CC(C)C(Cc1ccccc1)C(=O)OC1CCN(C)C1=O,0
CN1CCN(CC1)c1ccc(CNc2ccccc2S(C(F)(F)F)=O)cn1,0
CC(c1cc2ccccc2n1C)NC(Nc1ccn(CCC(=O)OC)n1)=O,0
CC(c1cc2ccccc2n1C)NC(Nc1ccn(CCC(=O)OC)n1)=O,0
CC(C1CCCCC1)C(C)C(N1CC(CNC(c2cc3ccccn3c2)=O)C1)=O,0
CN1CCN(CC1)CCOc1ccc(cc1)NS(c1cscc1F)(=O)=O,0
C1Cc2cccc(c2SC1)NC(C1CS(c2ccccc12)(=O)=O)=O,0
C1Cc2cccc(c2SC1)NC(C1CS(c2ccccc12)(=O)=O)=O,0
C(F)S(c1cccc(c1)NC(C(c1ccc(c(c1)[Cl])F)N)=O)(=O)=O,0
CN1CCN(C(C1)C(F)F)C(c1c2cccc(c2ccn1)[Cl])=O,0
CCOc1ccccc1OC1CCN(C1)S(c1c(C#N)cccc1C#N)(=O)=O,0
CCCCC1CCC(CC1)C(N1CCC(C12CC2)NC(c1ccn(C)c1)=O)=O,0
C1CC1CC1CC(C1)C(N1CC(CNC(c2ccc(N)nc2)=O)C1)=O,0
Cc1ccc(cc1NC(N1CC2(CC(C2)COC)C1)=O)C(Nc1ccccc1)=O,0
Cc1ccc(cc1N1CC(CC1=O)C(N1CCN2C(=O)OCC2(C)C1)=O)[Cl],0
CC(C)c1ccc(cc1)NC(c1cccc(NC(N2CC3(CC3C#N)C2)=O)n1)=O,0
CN(CC1c2ccccc2CO1)c1ccc(cn1)S(N1CCOCC1)(=O)=O,0
CN1CC2(CN(C2)C(NCC2(CC2)Sc2ccccc2)=O)C(C1=O)(F)F,0
Cc1ccc(nc1)S(N1CCC(CC1)Oc1ccc(C#N)cc1)(=O)=O,0
CN1C(Cc2ccccc12)C(N1CCN(CC1)C(Cc1cccs1)=O)=O,0
CC(C)N1CCCC(C1)NC(C1CC(C1)n1cc(c2ccc(C#N)cc2)nn1)=O,0
CNC(Cc1ccc(c(c1)C(Nc1ccnc(c1)OCCN(C)C)=O)[Cl])=O,0
COc1c(CNC(CS(N2CCCCC2)(=O)=O)=O)cc(cc1[Cl])[Cl],0
CN(C)S(c1ccc(cc1)Sc1c(c(C(=O)OC)ncn1)OC)(=O)=O,0
CCC1CCC(C1)C(N1CC(C1)NC(c1csc(Nc2ccccn2)n1)=O)=O,0
CCC1CCC(C1)C(N1CC(C1)NC(c1csc(Nc2ccccn2)n1)=O)=O,0
C1CN(C1CNC(c1cccnc1C(F)(F)F)=O)C(c1c(con1)C1CC1)=O,0
CC(CN1CCN(CC1)C(c1ccc2c(c1)C(C)(C)S(N2C)(=O)=O)=O)F,0
Cc1ccnnc1C(N(C)Cc1ccccc1S(N)(=O)=O)=O,0
C1C(C(N2CC(C2)S(N2CCOCC2)(=O)=O)=O)Sc2ccccc12,0
Cc1cccc(CN2CCN(CC2)S(c2csc3ccccc23)(=O)=O)n1,0
CC(Cc1c(cccc1[Cl])[Cl])NC(c1c2cccn2ncn1)=O,0
Cc1cnn(C)c1COc1cccc(c1)Oc1ccnc(c1)C(N)=O,0
CC(c1c[nH]cn1)NS(c1cccc(c1OC(F)F)[Cl])(=O)=O,0
CCCc1ccc(cc1)C(N1CCN(CC1)C(CC1CC(C12CCC2)O)=O)=O,0
CCOc1ccc(cc1C)C(N1CCC(C12CC2)NC(c1cn[nH]c1C)=O)=O,0
COCCN1CCN(CC1)C1CN(C1)C(c1c[nH]nc1c1ccc(C#N)cc1)=O,0
CS(c1cccc(c1)c1nc(co1)C(F)(F)F)(=O)=O,0
C1C[C@H](c2ccc(cc2)F)[C@@H](C1)C(NCC1CN(C1)C(c1cncnc1N)=O)=O,0
CN1CCN(CC1)C(c1ccc(COC(c2ccc3cn(C)nc3c2)=O)cc1)=O,0
CC1=CC(C(=CN1CC(N1CCCC1c1c(c(ccn1)[Cl])F)=O)OC)=O,0
C1C[C@H](CCC(N2CCN(CCNC(Nc3ccc(cc3)F)=O)CC2)=O)OC1,0
CN(C)CCN1CCN(CC1)c1cccc(c1)NC(c1ccc2ccccn12)=O,0
C1CC(CC(C(N2CC3(CC(c4ccccc4O3)=O)C2)=O)(F)F)OC1,0
Cc1ccc(cc1)Nc1c(C(N2CC(N(C)[C@@H]3C[C@H]23)=O)=O)ncs1,0
C1CC(c2nncs2)N(C1)C(c1nc(c2c(cccn12)F)[Br])=O,0
CC1C=NNC(C=1C(N1CC(C1)N(C)C(C1CC(C)(C1)c1ccccc1)=O)=O)=O,0
CC(c1ccc(cc1F)S(CC(Nc1ccn(CC(C)(C)C)n1)=O)(=O)=O)=O,0
CC(c1ccc(c(c1)S(N)(=O)=O)OC)NC1CC(C)(C)Cc2c1cc(C)o2,0
CC(CN1CCN(CC1)C(Nc1cccc(c1)NC(c1cccs1)=O)=O)F,0
C1COCCN1CCOc1ccc(cc1)NC(c1cc2ccc(cn2c1)[Cl])=O,0
CCN1C=CC(=CC1=O)C(N1CC(C1)Oc1nc2ccccc2s1)=O,0
Cc1c(nc[nH]1)S(N1CCCC1c1cn(C)c2ccccc12)(=O)=O,0
Cc1c(nc[nH]1)S(N1CCCC1c1cn(C)c2ccccc12)(=O)=O,0
C1CN(CC1Nc1cccc(C#N)c1)C(N[C@@H]1CCN[C@@H](C1)C(F)(F)F)=O,0
Cn1cc(C#N)cc1C(NC1CN(C1)C(c1ccc(cc1F)OCCF)=O)=O,0
CCOC(c1ccn(c2cccc(c2)NC(NCC2CC3(CCOC3)C2)=O)n1)=O,0
C(Cc1ccc(cc1)NC(c1nc2NC(=CC(n2n1)=O)c1ccccc1)=O)C#N,0
Cn1c(cc2cc(ccc12)OC)C(=O)OCC(C1CN(C1)S(C)(=O)=O)=O,0
Cn1c(cc2cc(ccc12)OC)C(=O)OCC(C1CN(C1)S(C)(=O)=O)=O,0
CC(C(N1CC(C1)N1CCN(CC1)CCOC)=O)NC(c1ccc(C#N)cc1)=O,0
Cc1cc(NCc2nc(c3ccccc3)c(C)s2)ncc1S(N)(=O)=O,0
CCCSc1cccc(NS(c2c(C#N)ccs2)(=O)=O)n1,0
CN1C(NCC12CCN(CC2)C([C@H](Cc1cc(ccc1[Cl])[Cl])N)=O)=O,0
C1CC(CCN(C1)C(c1ccc2c(cc[nH]2)c1)=O)NC(C1C(c2ccccc2NN=1)=O)=O,0
C1C2CN(C1CC2NC(C1C(c2ccccc2NN=1)=O)=O)C(c1cccc2cn[nH]c12)=O,0
C1C(C(N2CC(C2)NC(C2C(c3ccccc3NN=2)=O)=O)=O)OC(c2ccccc12)=O,0
C1C(C(N2CC(C2)NC(C2C(c3ccccc3NN=2)=O)=O)=O)OC(c2ccccc12)=O,0
C1CC(CCN(C1)C(c1ccc2c(c1)cn[nH]2)=O)NC(C1C(c2ccccc2NN=1)=O)=O,0
Cc1ccc2cc(ccc2c1)C(N1CC(C1)N(C)C(C1c2ccccc2C(NN=1)=O)=O)=O,0
CN(C1CN(C1)C(c1cc2cnccc2cc1F)=O)C(C1c2ccccc2C(NN=1)=O)=O,0
C1CC2CN(CCC2N(C1)C(c1ccnc2c1[nH]nn2)=O)C(c1ccc2ccoc2c1)=O,0
C1CC(CCN(C1)C(c1ccc2ccoc2c1)=O)NC(C1C(c2ccccc2NN=1)=O)=O,0
C1CC(CCN(C1)C(c1c2cccnc2[nH]n1)=O)NC(C1C(c2ccccc2NN=1)=O)=O,0
C1CC(CCN(C1)C(c1c2c(ccn1)[nH]nn2)=O)NC(c1ccc2ccccc2c1F)=O,0
CC1CC(CN1C(c1c2cccnc2[nH]n1)=O)NC(c1ccc2c(c1)C(NC(N2)=O)=O)=O,0
CC1CC(CN1C(c1c2cccnc2[nH]n1)=O)NC(c1ccc2c(c1)C(NC(N2)=O)=O)=O,0
C1C2CN(C1CC2NC(C1C(c2ccccc2NN=1)=O)=O)C(c1cccc2ncnn12)=O,0
C1C[C@@H]2CN(C[C@H]1N2C(C1=CC(NC(N1)=O)=O)=O)C(c1cccc(c1)C1NC(NN=1)=O)=O,0
C1C2CN(C1CC2NC(C1C(c2ccccc2NN=1)=O)=O)C(c1cccc2c1cccn2)=O,0
C1CCC2(CC1)CN(C2c1ccccc1)C(c1ccc2c(c1)C(NC(N2)=O)=O)=O,0
C1CCC2(CC1)CN(C2c1ccccc1)C(c1ccc2c(c1)c(c[nH]2)c1nn[nH]n1)=O,0
C1CCN(C1)c1nc(cc(n1)O)C1CCN(C1)C(c1ccc2ccccc2c1O)=O,0
C1CCN(C1)c1nc(cc(n1)O)C1CCN(C1)C(c1ccc2ccccc2c1O)=O,0
C1CCN(C1)c1nc(cc(n1)O)C1CCN(C1)C(c1ccc2C(NNC(c2c1)=O)=O)=O,0
Cc1cc(ccc1C(N1CC2CC(C1)N(C2)C(c1cccc(c1)C1NC(NN=1)=O)=O)=O)F,0
CN(C1CCCCN(C1)C(c1ccc2cc[nH]c2c1)=O)C(c1cc(c2c(c1)nn[nH]2)F)=O,0
C1CCC2(CC1)CN(C2c1ccccc1)C(c1ccc2C(NNC(c2c1)=O)=O)=O,0
C1[C@H]2CN(C[C@H]2CN1C(c1cccc(c2ccccc2)n1)=O)C(c1ccc2c(n1)nn[nH]2)=O,0
CC1(C)CC(CN1C(C1=CC(NC(N1)=O)=O)=O)NC(c1ccc2c(N)ncnc2c1)=O,0
Cc1ccc(C)c(c1)C(N1CC2CC(C1)N(C2)C(c1cccc(c1)C1NC(NN=1)=O)=O)=O,0
C1C=CCC12CN(C2c1ccccc1)C(c1ccc2c(c1)C(NC(N2)=O)=O)=O,0
C1C=CCC12CN(C2c1ccccc1)C(c1ccc2C(NNC(c2c1)=O)=O)=O,0
C[C@@H]1CC[C@H](CN1C(C1C=CC(NN=1)=O)=O)NC(c1cc2C=CC(Nc2c(c1)F)=O)=O,0
Cc1ccc(cc1)c1c(C(N2CC(C2)NC(C2c3ccccc3C(NN=2)=O)=O)=O)nco1,0
Cc1ccc(cc1)c1c(C(N2CC(C2)NC(C2c3ccccc3C(NN=2)=O)=O)=O)nco1,0
Cc1ccccc1CC(N1CCCN(CC1c1ccccc1)C(C1C=CC(NN=1)=O)=O)=O,0
C1CN(Cc2ccc(CNC(c3c[nH]nn3)=O)cc12)C(c1cccc2c1ccc(n2)O)=O,0
Cc1c(cccc1F)C(N1CC2CC(C1)N(C2)C(c1cccc(c1)C1NC(NN=1)=O)=O)=O,0
CN(C1CCCCN(C1)C(c1ccc2c(c1)NC(=O)O2)=O)C(c1ccc2c(n1)nn[nH]2)=O,0
CN(C1CCCCN(C1)C(c1ccc2cc[nH]c2c1)=O)C(c1ccc2c(n1)nn[nH]2)=O,0
CN(C1CCCCN(C1)C(c1ccc2c(c1)NC(N2)=O)=O)C(c1ccc2c(n1)nn[nH]2)=O,0
CN(C1CCCCN(C1)C(c1cccc2cn[nH]c12)=O)C(c1cc(c2c(c1)nn[nH]2)F)=O,0
CN(C1CCCCN(C1)C(c1cccc2cc[nH]c12)=O)C(c1cc(c2c(c1)nn[nH]2)F)=O,0
C[C@@H]1[C@@H]2C[C@H]([C@H]2NC(C2C(c3ccccc3NN=2)=O)=O)N1C(C1C=CC(NN=1)=O)=O,0
C1CC23CN(Cc4ccccc4)CC3(C1)CN(C2)C(c1cccc(c1)C1NC(NN=1)=O)=O,0
C1C=CCC12CN(C2c1ccccc1)C(c1cccc(c1)C1NC(NN=1)=O)=O,0
C1CCC2(CC1)Cc1ccccc1C2NC(c1ccc2c(c1)c(n[nH]2)O)=O,0
C1CCN(C1)c1nc(cc(n1)O)C1CCN(C1)C(c1ccc2C=NNC(c2c1)=O)=O,0
CCOc1ccccc1N1CCN(CC1)c1c2cc[nH]c2ncn1,0
CCOC(c1c(C)nn2C(C=C(CN(C)c3cccc4ccccc34)Nc12)=O)=O,0
C1CN(CCC1c1c(cccc1F)F)c1c2cn[nH]c2ncn1,0
C1CN(CCC1c1c(cccc1F)F)c1c2cn[nH]c2ncn1,0
C1CC(N(C1)c1ccc(CNC(c2cccc(c2)S(NCc2ccccc2)(=O)=O)=O)cc1)=O,0
Cc1cc2c(cc1C)n(CC(CNCc1c[nH]nc1c1ccc3c(c1)OCCO3)O)cn2,0
C(C1=COCCO1)NC(c1ccccc1c1ncc(c2ccccc2F)o1)=O,0
CC(C)N1C(CN(CC1(C)C)c1c2cc[nH]c2ncn1)=O,0
Cc1nc2c3ccccc3nc(N3CCCCC3C(N3CCOCC3)=O)n2n1,0
Cc1c(cnn1C1C=CC(NN=1)=O)C(Nc1cccc(c1)NC(C1CCCCC1)=O)=O,0
Cc1cc(C(N2CCCC2c2nc(c[nH]2)c2cccc(c2)OC)=O)nn1c1ccccc1,0
Cc1ccc(cc1)S(Nc1cccc(c1)C(Nc1ccccc1N1CCCC1=O)=O)(=O)=O,0
Cn1c(CN2C(c3ccccc3C(c3cccs3)=N2)=O)nnc1c1ccccc1,0
C1CCN(CC1)C1CCN(CC1)c1c2cc[nH]c2ncn1,0
C1CC2(C1)CN(CCO2)c1c2cc[nH]c2ncn1,0
C1CC(c2ccccc2C1)c1nc(C2c3ccccc3C(NN=2)=O)on1,0
C1CC(c2ccccc2C1)c1nc(C2c3ccccc3C(NN=2)=O)on1,0
Cc1ccc(cc1F)c1nc(CCC(Nc2ncn(C3CCCCC3)n2)=O)on1,0
Cc1ccc(cc1F)c1nc(CCC(Nc2ncn(C3CCCCC3)n2)=O)on1,0
CN1C(Nc2c1cc(cn2)c1cccc(c1)C(NCC(N1CCc2ccccc2C1)=O)=O)=O,0
CN1C(Nc2c1cc(cn2)c1cccc(c1)C(NCC(N1CCc2ccccc2C1)=O)=O)=O,0
C1CN(CC12C(Nc1ccccc12)=O)C(C1C=CC(N(Cc2ccccc2[Cl])C=1)=O)=O,0
C1CN(CC12C(Nc1ccccc12)=O)C(C1C=CC(N(Cc2ccccc2[Cl])C=1)=O)=O,0
C1CC(C2CCN(CC2)c2c3cc[nH]c3ncn2)OC1,0
C1CC(C2CCN(CC2)c2c3cc[nH]c3ncn2)OC1,0
Cn1ccnc1c1nnc(NCc2cn(Cc3ccccc3)nc2c2ccccc2)o1,0
C1C[C@@H]2CN(C[C@@]2(C1)c1nc(c2ccccc2)no1)C(c1cccc(c1)n1cncn1)=O,0
Cn1ccnc1N1CCC(CC1)NS(c1ccccc1c1ccccc1)(=O)=O,0
C(C(Nc1cccc(c1)S(N)(=O)=O)=O)Sc1nc(c2ccccc2)c(c2ccccc2)nn1,0
C1CC(N(CC(N2CCN(CC2)c2c3cc[nH]c3ncn2)=O)C1=O)=O,0
CCC1CN(CC2(CCOC2)O1)c1c2cc[nH]c2ncn1,0
CC1CCCCN1C(c1ccc(c(C)c1)NCc1nnc2COCCn12)=O,0
CC(N1CCc2ccc(cc2CC1)S(N1CC(C)(C)c2c1cccc2[Cl])(=O)=O)=O,0
COc1cc(c(cc1NC(CN1C(c2ccccc2C(c2ccccc2)=N1)=O)=O)OC)[Cl],0
C1CC1c1c(C(N2CCN(CC2)c2c(C#N)cnc3ccccc23)=O)nco1,0
C1CCc2nc3cc(ccc3n2CC1)NC(C1CC(Nc2ccccc12)=O)=O,0
C(c1ccc(cc1)C(N1CCOCC1)=O)NC(c1ccccc1C(c1ccccc1)=O)=O,0
CC(C1NC(c2ccccc2N=1)=O)Sc1nnc(c2ccoc2C)o1,0
CC(C1NC(c2ccccc2N=1)=O)Sc1nnc(c2ccoc2C)o1,0
Cc1ccc(C)c(c1)OCc1nnc(o1)SCC(N1c2ccccc2NC(C1(C)C)=O)=O,0
C1c2ccccc2c2cc(ccc12)C(COC(c1ccc(CO)cc1)=O)=O,0
C1c2ccccc2c2cc(ccc12)C(COC(c1ccc(CO)cc1)=O)=O,0
Cc1nc(C2CCN(CC2)c2c3cc[nH]c3ncn2)on1,0
COc1ccccc1NC(c1cc2ccccc2cc1OCC(Nc1ccc(cc1)C(N)=O)=O)=O,0
COc1ccccc1NC(c1cc2ccccc2cc1OCC(Nc1ccc(cc1)C(N)=O)=O)=O,0
Cc1cccc(c1C)NC(CNC(c1cn(Cc2ccccc2)nc1c1cccnc1)=O)=O,0
C1CN(CCN1C(c1cccc(c1)NS(c1cccc(c1)F)(=O)=O)=O)c1ccccc1,0
Cc1ccc(cc1)NC(CN(C)C(c1ccc(cc1)c1nnc(c2cccc(C)c2)o1)=O)=O,0
Cc1ccc(cc1)NC(CN(C)C(c1ccc(cc1)c1nnc(c2cccc(C)c2)o1)=O)=O,0
C1CC(c2ccc3c(c2)OCCO3)N(C1)C(C1c2ccccc2C(N(c2ccccc2)N=1)=O)=O,0
CS(c1ccc(c(c1)NC(C(c1ccccc1)c1ccccc1)=O)[Cl])(=O)=O,0
CS(c1ccc(c(c1)NC(C(c1ccccc1)c1ccccc1)=O)[Cl])(=O)=O,0
CCc1c[nH]c2c1c(ncn2)N1CCN(CC1)CCS(C)(=O)=O,0
C1[C@@H](C[C@@]1(CNc1c2cc[nH]c2ncn1)c1ccccc1)O,0
C(C1c2ccccc2C(NN=1)=O)C(Nc1ccc(cc1)c1nc2ccccc2[nH]1)=O,0
C(C1c2ccccc2C(NN=1)=O)C(Nc1ccc(cc1)c1nc2ccccc2[nH]1)=O,0
CCOc1cccnc1N1CCN(CC1)c1c2cc[nH]c2ncn1,0
CC(C)c1ccc(C)cc1OCC(Nc1cccc(c1)C(N1CCCC(C1)O)=O)=O,0
C1CN(CCC1c1ncccn1)c1c2cc[nH]c2ncn1,0
Cc1ccc(cc1NC(C1c2ccccc2C(N(C)N=1)=O)=O)S(Nc1cccc(c1)[Cl])(=O)=O,0
Cc1ccc(cc1NC(C1c2ccccc2C(N(C)N=1)=O)=O)S(Nc1cccc(c1)[Cl])(=O)=O,0
C(C(c1ccccc1)NC(c1ccccc1[Cl])=O)C(N1CCN(CC1)c1ccccc1O)=O,0
C(C(c1ccccc1)NC(c1ccccc1[Cl])=O)C(N1CCN(CC1)c1ccccc1O)=O,0
C(CNC(c1cccc(c1)NS(c1ccc2c(c1)OCCO2)(=O)=O)=O)c1ccccn1,0
Cc1ccc(cc1F)S(Nc1cccc(c1)C(NCc1ccccc1CN1CCCC1=O)=O)(=O)=O,0
Cc1ccc(C(N)=O)c(c1)OCc1nnc(c2c(c3ccccc3)noc2C)o1,0
Cc1ccc(C(N)=O)c(c1)OCc1nnc(c2c(c3ccccc3)noc2C)o1,0
Cc1cc(C)n(c2ccc(nn2)SCC(N2CCN(CC2)c2c(C#N)nc(c3ccco3)o2)=O)n1,0
Cc1cc(C)n(c2ccc(nn2)SCC(N2CCN(CC2)c2c(C#N)nc(c3ccco3)o2)=O)n1,0
CC1=C(CCC(NC(c2ccccc2)c2ccccn2)=O)C(Nc2c1c(C)nn2C)=O,0
CC1=C(CCC(NC(c2ccccc2)c2ccccn2)=O)C(Nc2c1c(C)nn2C)=O,0
C1COCCN1c1ccc(cn1)c1nnc(c2ccccc2OCc2ccc(cc2)F)o1,0
C1COCCN1c1ccc(cn1)c1nnc(c2ccccc2OCc2ccc(cc2)F)o1,0
Cc1c(CCC(N(Cc2nnc(c3ccc(cc3)[Cl])o2)C2CC2)=O)c(C)n2c(ncn2)n1,0
CC(C(N1CC(Nc2ccccc12)=O)=O)Sc1nnc(c2ccccc2F)n1Cc1ccccc1,0
CC(Nc1cc(ccc1F)C(N1CCCC1c1ccc2c(c1)OCCO2)=O)=O,0
CN1C(c2ccccc2C(CC(N(Cc2ccccc2)c2ccccc2)=O)=N1)=O,0
C1CC(c2ccc3c(c2)OCCCO3)N(C1)CC1NC(c2c(csc2N=1)c1ccco1)=O,0
C1CC1N(Cc1ccccc1F)C(c1ccc(cc1)NS(c1ccc2c(c1)NC(N2)=O)(=O)=O)=O,0
Cc1cccc(c1)OCc1nnc(o1)SC1=C(c2ccccc2)c2ccccc2NC1=O,0
Cc1cccc(c1)OCc1nnc(o1)SC1=C(c2ccccc2)c2ccccc2NC1=O,0
C1CCN(Cc2cccc(c2)NC(C2(CCOCC2)c2cccc(c2)C(F)(F)F)=O)C(C1)=O,0
C(CNC(c1ccccc1NC(CSc1nnc(c2ccccc2)[nH]1)=O)=O)c1ccccc1,0
C1CN(CCN1c1cccc(c1)C(F)(F)F)c1c2cc[nH]c2ncn1,0
C1CN(CCN1c1cccc(c1)C(F)(F)F)c1c2cc[nH]c2ncn1,0
C(C#N)c1ccc(cc1)NC([C@H](Cc1c[nH]c2ccccc12)NC(c1ccc(cc1)F)=O)=O,0
CC(C)CC(Nc1ccc(cc1)c1csc(CN2C(N3C=CC=CC3=N2)=O)n1)=O,0
CC(C)CC(Nc1ccc(cc1)c1csc(CN2C(N3C=CC=CC3=N2)=O)n1)=O,0
C1CCc2nnc(n2CC1)SCC1NC(c2cc(ccc2N=1)[Cl])=O,0
CCc1c[nH]c2c1c(ncn2)N1CCC(C1)c1ccn[nH]1,0
C(CNc1c2c3ccc(cc3[nH]c2ncn1)F)Cn1cncn1,0
C1COC[C@@H]1Nc1c2c3ccc(cc3[nH]c2ncn1)F,0
C1COC[C@@H]1Nc1c2c3ccc(cc3[nH]c2ncn1)F,0
C1C(CN1c1c2cc[nH]c2ncn1)n1cccn1,0
CCCn1c(CNc2c3c4ccc(cc4[nH]c3ncn2)[Br])ncn1,0
CCCn1c(CNc2c3c4ccc(cc4[nH]c3ncn2)[Br])ncn1,0
CC(CN1CCCC1=O)Nc1c2c3ccc(cc3[nH]c2ncn1)F,0
C(Cn1cc(CO)nn1)Nc1c2c3ccc(cc3[nH]c2ncn1)F,0
C1CN(CC1c1ccccc1F)c1c2cc[nH]c2ncn1,0
C1CN(CC1c1ccccc1F)c1c2cc[nH]c2ncn1,0
C1CSCC1(CO)Nc1c2c3ccc(cc3[nH]c2ncn1)[Br],0
C1CSCC1(CO)Nc1c2c3ccc(cc3[nH]c2ncn1)[Br],0
CC(C)CC1C(NCCN1c1c2c3ccc(cc3[nH]c2ncn1)[Br])=O,0
CC(C)CC1C(NCCN1c1c2c3ccc(cc3[nH]c2ncn1)[Br])=O,0
CC(CCn1cncn1)Nc1c2c3ccc(cc3[nH]c2ncn1)F,0
CC(c1ncnn1C)Nc1c2c3ccc(cc3[nH]c2ncn1)F,0
C1C(c2ccccc2)OC(c2ccc(cc12)C(N[C@H](Cc1ccc(cc1)O)CO)=O)=O,0
Cc1cc(c(cc1[Cl])c1c2C(c3cccc(c3)[Cl])N(CCCO)C(c2[nH]n1)=O)O,0
Cc1cc(cc(c1)F)C(N1C[C@H](C[C@@H](C1)O)NC(c1cccc2c1cn[nH]2)=O)=O,0
CCC(C)C(N1C[C@H](C[C@@H](C1)O)NC(c1c(ccc2c1cn[nH]2)F)=O)=O,0
C(CC(N1C[C@H](C[C@@H](C1)O)NC(c1cccc2c1cn[nH]2)=O)=O)C1CCOC1,0
CC[C@H](CC(N1C[C@H](C[C@@H](C1)O)NC(c1cccc2c1cn[nH]2)=O)=O)C(C)C,0
C(C(NC[C@H]1C[C@H](C1)NC(c1c(cncn1)F)=O)=O)c1ccc2cn[nH]c2c1,0
CN(C)CC1CC(C1)C(N1C[C@H](C[C@@H](C1)O)NC(c1cccc2c1cn[nH]2)=O)=O,0
CN1C[C@@H](CNC(Cc2c3ccccc3[nH]n2)=O)OC1=O,0
Cc1c(cnn1C)[C@@H]1[C@H](CCO1)NC(Cc1c2ccccc2[nH]n1)=O,0
C1C(C(Nc2ccncc12)=O)NC(Cc1c2ccccc2[nH]n1)=O,0
C(C1=CC(NC(N1)=O)=O)Nc1c2cc[nH]c2ncn1,0
C1C(CNc2ccccc12)NC(Cc1c2ccccc2[nH]n1)=O,0
C(c1cncnc1)NC(NCc1c2cc(ccc2[nH]n1)[Cl])=O,0
Cc1c2cc(cnc2[nH]n1)NCc1c(C#N)cnn1C,0
Cc1c2cc(cnc2[nH]n1)NCc1c(C#N)cnn1C,0
C(C(C(Nc1c2cc[nH]c2ncn1)=O)c1ccc(cc1)F)C(F)(F)F,0
C(c1c2cc(ccc2[nH]n1)[Cl])NC(CN1C=C(C(NC1=O)=O)[Cl])=O,0
C(c1c2cc(ccc2[nH]n1)[Cl])NC(CN1C=C(C(NC1=O)=O)[Cl])=O,0
Cc1ccncc1CNc1c2c(c[nH]c2ncn1)C(N)=O,0
C1CC2(CC1C(N2)=O)CNc1c2c(C#N)c[nH]c2ncn1,0
CC(CNc1c2c(C#N)c[nH]c2ncn1)C1=CC=CC(N1)=O,0
CC(CNc1c2cc[nH]c2ncn1)C1=CC=CC(N1)=O,0
Cc1cc(ncc1CNc1c2c(C#N)c[nH]c2ncn1)F,0
COc1cc(c2c(C(NCC(CN3CCCC3=O)O)=O)n[nH]c2c1)F,0
C(c1cnccc1C(F)(F)F)Nc1c2c(c[nH]c2ncn1)C(N)=O,0
C[C@@H](C(Nc1c2cc[nH]c2ncn1)=O)Oc1ccc(nc1)F,0
C1C(c2cc(ccc2F)F)N(CC1O)c1c2cc[nH]c2ncn1,0
C1CC(COC1)(C(N)=O)NC(Cc1c2ccccc2[nH]n1)=O,0
C1CN(CC1(C(N)=O)O)c1c2c3ccc(cc3[nH]c2ncn1)F,0
Cc1c2c(NC(C3(CC(NC3)=O)c3ccccc3)=O)ncnc2[nH]c1C,0
C1CC(c2cccnc2)N(C1)c1c2cc([nH]c2ncn1)[Cl],0
C1CC(c2cccnc2)N(C1)c1c2cc([nH]c2ncn1)[Cl],0
C1[C@@H](C(O)=O)[C@@H](CN1c1c2cc[nH]c2ncn1)C(F)(F)F,0
C1Cn2c(CC1NC(Cc1c3ccccc3[nH]n1)=O)ccn2,0
CCc1c[nH]c2c1c(NCC(Cn1cccn1)O)ncn2,0
C1CN(CC1(C(F)(F)F)O)c1ccc(c2c1cn[nH]2)[N+]([O-])=O,0
C1C[C@@H](C(NCc2c3cc(ccc3[nH]n2)[Cl])=O)OC1=O,0
CCOCC(N1C[C@H](C[C@@H](C1)O)NC(c1c(ccc2c1cn[nH]2)F)=O)=O,0
CCC(CN(C1CC1)C(CCc1c2ccccc2[nH]n1)=O)O,0
COC(C1C(CCN1c1c2cc[nH]c2ncn1)c1ccccc1)=O,0
C1CC(C(NCc2c3cc(ccc3[nH]n2)[Cl])=O)n2cncc2C1,0
Cc1cc2c(ncnc2[nH]1)N1CCCC1c1cccnc1,0
CC(CNc1c2cc(C)[nH]c2ncn1)CN1CCOC1=O,0
CC(NC1(CC1)C(NCc1c2cc(ccc2[nH]n1)[Cl])=O)=O,0
C1CNC(=O)OC1COC(c1c2cc(ccc2[nH]n1)F)=O,0
C1Cc2ccccc2NC1C(NCc1c2cc(ccc2[nH]n1)[Cl])=O,0
C(Cn1cncn1)C(Nc1c2cc[nH]c2ncn1)=O,0
CC1CC(CNC(c2c[nH]c3c2cncn3)=O)CN1C(CCc1cc(C)n[nH]1)=O,0
CS(c1c(C(F)F)nn(Cc2c3ccccc3[nH]n2)n1)(=O)=O,0
CC(CN1CCOC1=O)NC(c1cccc2c1cn[nH]2)=O,0
CC1(COc2ccccc2O1)C(NCc1c2cc(ccc2[nH]n1)[Cl])=O,0
c1c(c(cc2c1c(n[nH]2)[Cl])F)NS(c1c[nH]c2c1cncn2)(=O)=O,0
C1CC(CCN(C1)C(c1ccc2c(cn[nH]2)c1[Cl])=O)CNC(c1cnco1)=O,0
CN(CC(CNc1c2cc[nH]c2ncn1)O)c1c2cc[nH]c2ncn1,0
C(c1ccc(CSc2c3c(ncn2)[nH]cn3)cc1)Sc1c2c(ncn1)[nH]cn2,0
C(c1ccc(CSc2c3c(ncn2)[nH]cn3)cc1)Sc1c2c(ncn1)[nH]cn2,0
CCCN(CCc1cccs1)c1c2cn[nH]c2ncn1,0
C1CN(CCC12CCN(C2)c1c2cn[nH]c2ncn1)c1c2cn[nH]c2ncn1,0
C1CN(CCC12CCN(C2)c1c2cn[nH]c2ncn1)c1c2cn[nH]c2ncn1,0
CN(CCCc1cc(c2ccc(cc2)F)n[nH]1)Cc1nn[nH]n1,0
C(c1cccc(c1)C(F)F)Sc1c2c(ncn1)[nH]cn2,0
C(c1cccc(c1)C(F)F)Sc1c2c(ncn1)[nH]cn2,0
CCCCN(Cc1cccc(C#N)c1)c1c2cn[nH]c2ncn1,0
C1CC1[C@H](c1cccc(c1)C(F)(F)F)NCc1ccnc2c1cc[nH]2,0
CN(CCCCNc1c2cc[nH]c2ncn1)c1c2cc[nH]c2ncn1,0
C1CCC(C1)NC(CN1C(c2ccccc2C(c2ccc(c(c2)F)F)=N1)=O)=O,0
C1CCC(C1)NC(CN1C(c2ccccc2C(c2ccc(c(c2)F)F)=N1)=O)=O,0
CCCNC(CN(CCC)c1c2cn[nH]c2ncn1)=O,0
C(c1ccccc1)N(Cc1cccc(c1)C(N)=O)c1c2cc[nH]c2ncn1,0
C1CN(CCN(C1)c1c2cn[nH]c2ncn1)c1c2cn[nH]c2ncn1,0
CCCCN(C1CC1)c1c2cn[nH]c2ncn1,0
Cc1ccc(cc1)c1cc(C(NNC(c2cccc3c2NC(=O)O3)=O)=O)c2ccccc2n1,0
CCc1cccc(CSc2c3c(ncn2)[nH]cn3)c1,0
CCc1cccc(CSc2c3c(ncn2)[nH]cn3)c1,0
CCCCN(CCCO)c1c2cn[nH]c2ncn1,0
CCN(CCc1ccccc1)c1c2cn[nH]c2ncn1,0
C(C#N)c1ccc(cc1)NC(COC(C1c2ccccc2C(NN=1)=O)=O)=O,0
C(C#N)c1ccc(cc1)NC(COC(C1c2ccccc2C(NN=1)=O)=O)=O,0
CCCCCN(CCCOC)c1c2cn[nH]c2ncn1,0
CC(C)(CCC(N1C[C@@H]2[C@H]([C@@H]2C1)C(F)(F)F)=O)C(N1C[C@@H]2[C@H]([C@@H]2C1)C(F)(F)F)=O,0
CN(CCCc1cc(c2ccccc2)n[nH]1)Cc1nn[nH]n1,0
C(c1nc([nH]n1)Sc1c2cn[nH]c2ncn1)c1cccs1,0
C1CN(CCN1C(c1cc(c2ccc(cc2)[Br])n[nH]1)=O)c1ccc(C#N)cc1F,0
C1CN(CCN1C(c1cc(c2ccc(cc2)[Br])n[nH]1)=O)c1ccc(C#N)cc1F,0
C(CN(CC1CC1)c1c2cn[nH]c2ncn1)c1ccc(cc1)[Cl],0
C(CN(CC1CC1)c1c2cn[nH]c2ncn1)c1ccc(cc1)[Cl],0
CCCCN(CCOC)c1c2cn[nH]c2ncn1,0
C1CC(C1)c1ccc(NC(CCNC(c2c3ccccc3n[nH]2)=O)=O)nc1,0
C1CC(C1)c1ccc(NC(CCNC(c2c3ccccc3n[nH]2)=O)=O)nc1,0
CCOC(CN(CC1CC1)c1c2cn[nH]c2ncn1)=O,0
C(CN(CCO)c1c2cn[nH]c2ncn1)c1ccccc1,0
C(C(Nc1ccc(C#N)cc1)=O)OC(C1c2ccccc2C(NN=1)=O)=O,0
C(C(Nc1ccc(C#N)cc1)=O)OC(C1c2ccccc2C(NN=1)=O)=O,0
CC(C)(c1cn(c2ccccc2)nn1)NC(Nc1cc2CCCCc2cn1)=O,0
CC(C)(c1cn(c2ccccc2)nn1)NC(Nc1cc2CCCCc2cn1)=O,0
C(c1ccccc1)c1ccc(c(c1)NC(c1cc(ccn1)n1ccnc1)=O)O,0
CCN(CCC(=O)OC)c1c2cn[nH]c2ncn1,0
Cc1ccc(cc1)c1csc(n1)Sc1c2cc[nH]c2ncn1,0
Cc1ccc(cc1)c1csc(n1)Sc1c2cc[nH]c2ncn1,0
CN(Cc1cccc2c1cc[nH]2)c1c2cc[nH]c2ncn1,0
COC(c1ccccc1CSc1c2c(ncn1)[nH]cn2)=O,0
C1CCC(C1)N(CCc1ccccc1)c1c2cn[nH]c2ncn1,0
C1CCC(C1)N(CCc1ccccc1)c1c2cn[nH]c2ncn1,0
CCCN(CCc1cccs1)c1c2cc[nH]c2ncn1,0
C(c1ccc(cc1)C(c1ccccc1)=O)Sc1c2c(ncn1)[nH]cn2,0
C(c1ccc(cc1)C(c1ccccc1)=O)Sc1c2c(ncn1)[nH]cn2,0
CCc1ccc(cc1)NC(COC(C1c2ccccc2C(NN=1)=O)=O)=O,0
CCCCCNC(CN1C(c2ccccc2C(c2ccc(C)c(C)c2)=N1)=O)=O,0
CCCCCNC(CN1C(c2ccccc2C(c2ccc(C)c(C)c2)=N1)=O)=O,0
C1CN(C(CSc2ccccc2C(Nc2ccc3c(c2)NC(=O)O3)=O)=O)c2ccccc12,0
C1CN(C(CSc2ccccc2C(Nc2ccc3c(c2)NC(=O)O3)=O)=O)c2ccccc12,0
C(c1cccc2ccccc12)Sc1c2cn[nH]c2ncn1,0
C(c1ccccc1F)Sc1c2cn[nH]c2ncn1,0
C(c1ccccc1F)Sc1c2cn[nH]c2ncn1,0
CCCCN(Cc1ccccc1F)c1c2cc[nH]c2ncn1,0
CC(C)CN(CCC(=O)OC)c1c2cn[nH]c2ncn1,0
C1CN(CCN1C(c1cc(c2ccc(cc2)[Br])n[nH]1)=O)c1ccccc1F,0
C1CN(CCN1C(c1cc(c2ccc(cc2)[Br])n[nH]1)=O)c1ccccc1F,0
C1CC(C1)(C(N1C[C@@H]2[C@H]([C@@H]2C1)C(F)(F)F)=O)C(N1C[C@@H]2[C@H]([C@@H]2C1)C(F)(F)F)=O,0
C(c1cccc(c1)F)Sc1c2c(ncn1)[nH]cn2,0
C(c1cccc(c1)F)Sc1c2c(ncn1)[nH]cn2,0
c1cc(c(cc1Sc1c2cn[nH]c2ncn1)[Cl])[Cl],0
c1cc(c(cc1Sc1c2cn[nH]c2ncn1)[Cl])[Cl],0
C(c1cccc(c1)[Cl])Sc1c2cn[nH]c2ncn1,0
C(c1cccc(c1)[Cl])Sc1c2cn[nH]c2ncn1,0
COCCCN(CCOC)c1c2cn[nH]c2ncn1,0
c1cc(ccc1c1csc(n1)Sc1c2cc[nH]c2ncn1)F,0
c1cc(ccc1c1csc(n1)Sc1c2cc[nH]c2ncn1)F,0
CCOC(CN(CC1CC1)c1c2cc[nH]c2ncn1)=O,0
C(C(N)=O)[C@H](c1ccc(cc1)[Cl])Nc1c2cc[nH]c2ncn1,0
CCCCCCCN(CCCO)c1c2cn[nH]c2ncn1,0
Cc1cccc(CSc2c3c(ncn2)[nH]cn3)c1,0
CCOC(CCN(CC1CC1)c1c2cn[nH]c2ncn1)=O,0
COC(c1cccc(CSc2c3c(ncn2)[nH]cn3)c1)=O,0
COc1ccc(CSc2c3cc[nH]c3ncn2)cc1[Cl],0
COc1ccc(CSc2c3cc[nH]c3ncn2)cc1[Cl],0
C1COc2c(CN1c1c3cc[nH]c3ncn1)cccc2F,0
C1COc2c(CN1c1c3cc[nH]c3ncn1)cccc2F,0
COc1ccc(cc1Cc1ccccc1)NC(c1cc2c(cc1F)nn[nH]2)=O,0
C(c1ccc(cc1)Sc1c2cn[nH]c2ncn1)O,0
C1CC1N(Cc1cccc(c1)F)c1c2cn[nH]c2ncn1,0
CCC1CCN1c1c2cc[nH]c2ncn1,0
C1CC1N(Cc1ccc(cc1)[Cl])c1c2cn[nH]c2ncn1,0
C1CC1N(Cc1ccc(cc1)[Cl])c1c2cn[nH]c2ncn1,0
CCN(Cc1cccc(c1)[Cl])c1c2cn[nH]c2ncn1,0
Cc1cccc(CN(Cc2ccccn2)c2c3cc[nH]c3ncn2)c1,0
C1CC1N(Cc1ccc(cc1F)C(N)=O)c1c2cn[nH]c2ncn1,0
Cc1c(C)sc(n1)Sc1c2cc[nH]c2ncn1,0
C(CC(N1CCCC1c1nnn[nH]1)=O)Cc1ccc2Cc3ccccc3c2c1,0
COC(c1cc(ccc1CSc1c2c(ncn1)[nH]cn2)F)=O,0
C(c1ccccc1)Sc1c2cn[nH]c2ncn1,0
C(c1ccccc1)Sc1c2cn[nH]c2ncn1,0
CCCCCN(CCCOC)c1c2cc[nH]c2ncn1,0
CCCN(CCN(CC)CC)c1c2cn[nH]c2ncn1,0
CN(Cc1ccc2ccccc2c1)c1c2cc[nH]c2ncn1,0
c1cc(cc(c1)[Br])Sc1c2cn[nH]c2ncn1,0
c1cc(cc(c1)[Br])Sc1c2cn[nH]c2ncn1,0
COc1ccc(C#N)cc1CSc1c2c(ncn1)[nH]cn2,0
COc1ccc(C#N)cc1CSc1c2c(ncn1)[nH]cn2,0
CCN(Cc1cccc(c1)[Br])c1c2cn[nH]c2ncn1,0
Cc1ccc(cc1)NC(c1cccc(c1)Oc1c2cc[nH]c2ncn1)=O,0
C(c1ccc(c(c1)[Cl])F)Sc1c2c(ncn1)[nH]cn2,0
C(c1ccc(c(c1)[Cl])F)Sc1c2c(ncn1)[nH]cn2,0
C1CC1C(c1nnn[nH]1)NC(COc1ccc2ccccc2c1)=O,0
C[C@@H](CNC(c1cc2cc[nH]c2nc1)=O)NC(CC1C(Nc2ccccc12)=O)=O,0
C1CC1NC(Nc1ccc(cc1)C(NC[C@H]1C[C@@](C1)(C(F)(F)F)O)=O)=O,0
C1CCC(C(C1)c1nn[nH]n1)NC(c1ccc2c(c1)nc(N)[nH]2)=O,0
C[C@H](CNC(c1ccc2c(c1)nc(N)[nH]2)=O)NC([C@@H](C(F)(F)F)O)=O,0
CN(CCN(C)C([C@@H](C(F)(F)F)O)=O)C(c1ccc2c(c1)nc(N)[nH]2)=O,0
C[C@H](CNC([C@H](C(F)(F)F)O)=O)N(C)C(c1ccc2c(c1)nc(N)[nH]2)=O,0
C(C(C(F)(F)F)O)Sc1nnc2Nc3ccccc3n12,0
C(C(C(F)(F)F)(C(F)(F)F)O)NC(c1ccc(cc1)NC(N)=O)=O,0
CNC(Nc1ccc(C(Nc2ccccc2c2nnnn2C)=O)c(c1)[Cl])=O,0
CNC(Nc1ccc(cc1)c1cccc(c1)n1cnnn1)=O,0
CNC(Nc1ccc(cc1)c1cccc(c1)n1cnnn1)=O,0
c1cc(cc(c1)n1cnnn1)c1ccc(cc1)NC(N)=O,0
c1cc(cc(c1)n1cnnn1)c1ccc(cc1)NC(N)=O,0
C(COC(c1cc(ccn1)C(C(F)(F)F)O)=O)C1=CNC(N=C1)=O,0
C(COC(c1cc2CCC(Nc2nc1)=O)=O)C1=CNC(N=C1)=O,0
C(COC(c1ccc2c(COC(N2)=O)c1)=O)C1=CNC(N=C1)=O,0
CCCNC(Nc1ccc(CC(N2CCC[C@H]2c2nnn[nH]2)=O)cc1)=O,0
COC(c1ccccc1NC(c1ccc(cc1)NC(N)=O)=O)C(F)(F)F,0
c1cc(ccc1NC([C@H](C(F)(F)F)O)=O)NC(N)=O,0
CC(C)NC(Nc1ccc(cc1)C(NCC(C(F)(F)F)(C(F)(F)F)O)=O)=O,0
C(c1ccc(cc1)NC(N)=O)NC([C@H](C(F)(F)F)O)=O,0
CC(C)NC(Nc1ccc(CNC(C)c2nnnn2c2ccccc2)cc1)=O,0
C(c1ccc(cc1)NC(N)=O)NC(c1c(cccn1)OCC(F)(F)F)=O,0
Cn1c(nnn1)SCC(Nc1ccc(cc1)NC(N)=O)=O,0
C1CC1Cn1c(COC(c2ccc(cc2)NC(NC2CC2)=O)=O)nnn1,0
CC(C)(C)NC(Nc1ccc(C(=O)OCc2nnnn2CC2CC2)c(c1)O)=O,0
CC(C)(C)NC(Nc1ccc(C(=O)OCc2nnnn2CC2CC2)c(c1)O)=O,0
CC(C)NC(Nc1ccc(cc1)C(=O)OC(C)c1nnnn1C)=O,0
CC(C)NC(Nc1ccc(cc1)C(=O)OC(C)c1nnnn1C1CCCCC1)=O,0
CC(c1ccc(cc1)NC(NC1CC1)=O)NC(C)c1nnnn1C1CC1,0
C1[C@@H](C[C@]1(C(F)(F)F)O)CNC(c1ccc(cc1)NC(N)=O)=O,0
CC(C)NC(Nc1ccc(cc1)C(=O)OC(C)c1nnnn1C1CC1)=O,0
CC(C)NC(Nc1ccc(C(=O)OC(C)c2nnnn2C2CC2)c(c1)O)=O,0
Cn1ccnc1C(CCNc1c2c3ccccc3[nH]c2ncn1)(C(F)(F)F)O,0
Cn1ccnc1C(CCNc1c2c3ccccc3[nH]c2ncn1)(C(F)(F)F)O,0
CC1(C)C(Nc2ccc(cc12)C(=O)OCCC1=CNC(N=C1)=O)=O,0
CC(c1nnnn1C)OC(c1ccc(cc1[Cl])NC(NC)=O)=O,0
CNC(Nc1ccc(C(=O)OCc2nnnn2C)c(c1)[Cl])=O,0
C1CC1n1c(nnn1)SCC(Nc1ccc(cc1)NC(N)=O)=O,0
Cn1c(nnn1)SCC(c1ccc(cc1)NC(N)=O)=O,0
C(c1ccco1)n1c(nnn1)SCC(c1ccc(cc1)NC(N)=O)=O,0
C(c1ccco1)n1c(nnn1)SCC(c1ccc(cc1)NC(N)=O)=O,0
C(C(=O)OCc1nnnn1Cc1ccccc1)c1ccc(cc1)NC(N)=O,0
C[C@@H](CCNC(c1ccc2c(CC(N2)=O)c1)=O)NC(c1ccnc2c1CCN2)=O,0
C[C@@H](CCNC(c1ccc2c(CC(N2)=O)c1)=O)NC(c1ccnc2c1CCN2)=O,0
CCOC(C1CCCN(C1)C(C(C)SC1C(=CNC(N=1)=O)F)=O)=O,0
C1CC1NC(Nc1ccc(cn1)C(N1CCC(C1)(C(F)(F)F)O)=O)=O,0
C1CC1NC(Nc1ccc(cn1)C(N1CCC(CC1)(C(F)(F)F)O)=O)=O,0
CC(=O)SCC[C@@H](C(=O)OC)Nc1c2c3ccc(cc3[nH]c2ncn1)F,0
CC(=O)SCC[C@@H](C(=O)OC)Nc1c2c3ccc(cc3[nH]c2ncn1)F,0
CCCn1c(COC(c2ccc(cc2)NC(NC(C)C)=O)=O)nnn1,0
CC1=C(C(=NC(N1)=O)SCC(NCCC(=O)OC)=O)C(=O)OC,0
C1[C@H]2C(NC([C@H]2CN1c1c2c3ccccc3[nH]c2ncn1)=O)=O,0
C1CN(CC1(CO)CO)c1c2c3ccccc3[nH]c2ncn1,0
C1C[C@@H](C(NC1=O)=O)Nc1c2c3ccccc3[nH]c2ncn1,0
C1C[C@@H](C(NC1=O)=O)Nc1c2c3ccccc3[nH]c2ncn1,0
C1C[C@@H](C(NC1=O)=O)Nc1c2c3ccc(cc3[nH]c2ncn1)F,0
C1C[C@@H](C(NC1=O)=O)Nc1c2c3ccc(cc3[nH]c2ncn1)F,0
CNC(Nc1ccc(C(N(Cc2nn[nH]n2)C2CCCC2)=O)c(c1)[Cl])=O,0
CC1C(Nc2cc(ccc2O1)c1cc2c(cc1C)nc(N)[nH]2)=O,0
Cc1ccc(CNC(c2ccc3c(c2)nc(N)[nH]3)=O)c(c1)OCC(F)(F)F,0
CC(c1ccc(cc1)NC(N)=O)NC(C)c1nnnn1C1CC1,0
C1COCCC1Cn1c(COC(Cc2ccc(cc2)NC(N)=O)=O)nnn1,0
CN(CCCC(N(C)CC(=O)OC)=O)C1C=C(NC(N=1)=O)[Cl],0
CC(C)NC(Nc1ccc(cc1)C(Nc1ccccc1c1nnnn1C)=O)=O,0
COC([C@@H](Cc1c[nH]c2ccccc12)Nc1c2c3ccc(cc3[nH]c2ncn1)F)=O,0
CCCNC(Nc1ccc(CC(=O)OCc2nnnn2c2ccccc2)cc1)=O,0
Cn1c(COC(c2ccc(cc2)NC(NC2CC2)=O)=O)nnn1,0
CC(C)NC(Nc1ccc(C(=O)OCc2nnnn2C2CC2)c(c1)O)=O,0
CC(C)NC(Nc1ccc(C(=O)OCc2nnnn2C2CC2)c(c1)O)=O,0
C[C@H](CNC(CN1Cc2ccccc2C1=O)=O)NC(c1ccnc2c1CCN2)=O,0
C[C@H](CNC(CN1Cc2ccccc2C1=O)=O)NC(c1ccnc2c1CCN2)=O,0
CC(C)NC(Nc1ccc(CNC(N(C)Cc2nnnn2C)=O)cc1)=O,0
CC(C)NC(Nc1ccc(cc1)C(=O)OCc1nnnn1CC1CC1)=O,0
CC(c1ccc(cc1)NC(NC1CC1)=O)NC(C)c1nnnn1C,0
CCOc1ccc(cc1S(NCc1ccc(cc1)NC(N)=O)(=O)=O)[Br],0
CCCn1c(COC(c2ccc(cc2[Cl])NC(NC)=O)=O)nnn1,0
Cc1nnnn1CCNC(c1ccc(cc1[Cl])NC(NC)=O)=O,0
Cn1ccnc1C(CC(Nc1ccc(cc1)NC(NC1CC1)=O)=O)(C(F)(F)F)O,0
CCn1c(nnn1)SCC(c1ccc(cc1)NC(N)=O)=O,0
CCn1c(nnn1)SCC(c1ccc(cc1)NC(N)=O)=O,0
C1CC1n1c(nnn1)SCC(c1ccc(cc1)NC(N)=O)=O,0
C1CC1n1c(nnn1)SCC(c1ccc(cc1)NC(N)=O)=O,0
CN1C(CCc2cc(ccc12)C(=O)OCCC1=CNC(N=C1)=O)=O,0
CC[C@H](CNC(c1cc2cc(ccc2o1)F)=O)NC(c1ccnc2c1CCN2)=O,0
COC1(CCN(C1)C(c1ccc(NC(NC2CC2)=O)nc1)=O)C(F)(F)F,0
C=CCn1c(nnn1)SCC(c1ccc(cc1)NC(N)=O)=O,0
COCCNC(Nc1ccc(cc1)NC(C(=Cc1cccs1)n1c(c2ccccc2)nnn1)=O)=O,0
CCCCn1c(COC(Cc2ccc(cc2)NC(N)=O)=O)nnn1,0
CC(CCNC(=O)OC(C)(C)C)Nc1c2c(ncn1)sc(N)n2,0
C1CC(CN(C1)c1c2c3ccc(cc3[nH]c2ncn1)F)(C(F)(F)F)O,0
C1CC(CN(C1)c1c2c3ccc(cc3[nH]c2ncn1)F)(C(F)(F)F)O,0
CCNC(Nc1c(C)cccc1NC(c1ccc(cc1)NS(NCC)(=O)=O)=O)=O,0
CC(C)C(C(Nc1ccc(cc1)NC(NC1CC1)=O)=O)n1cnnn1,0
C1CC1NC(Nc1ccc(C(NCC2CC(C2)(C(F)(F)F)O)=O)c(c1)[Cl])=O,0
CCCNC(Nc1ccc(CC(N2CCCC(C2)(C(F)(F)F)O)=O)cc1)=O,0
C1CC(C(F)(F)F)OC1CNC(c1ccc2c(c1)nc(N)[nH]2)=O,0
CCNC(Nc1cc(ccc1NC(C(CCC(=O)OCC)(F)F)=O)F)=O,0
CCC(C(C(F)(F)F)O)Nc1c2c3ccc(cc3[nH]c2ncn1)[Br],0
CCC(C(C(F)(F)F)O)Nc1c2c3ccc(cc3[nH]c2ncn1)[Br],0
C1CC1NC(Nc1ccc(cc1)NC([C@@H]1CO[C@@H](CN1)C(F)(F)F)=O)=O,0
Cc1cccc(c1)n1c(c2c[nH]c3ccccc23)nnc1SCC(Nc1ccc(cc1)C(N)=O)=O,0
Cc1cccc(c1)n1c(c2c[nH]c3ccccc23)nnc1SCC(Nc1ccc(cc1)C(N)=O)=O,0
C1CCn2cc(CCNS(c3ccc4c(c3)NC(CCS4)=O)(=O)=O)nc2C1,0
CC(C(O)=O)(c1ccc(c(c1)[Cl])[Cl])NCc1cn(CC2CCCO2)nn1,0
C1Cc2cc(c(cc2NC1=O)S(NCCc1cc(c2ccncc2)[nH]n1)(=O)=O)[Cl],0
CC(C(NC1CC1)=O)N1CCN(CC1)C(NCCS(N1CCc2ccccc12)(=O)=O)=O,0
CC(c1ccc(cc1)N1CCCOC1=O)NS(c1cc(C(O)=O)n(C)c1)(=O)=O,0
C1CCc2cc(ccc2C1)S(NCCC(Nc1ccc2c(c1)nc(C1CC1)o2)=O)(=O)=O,0
CN(C(c1ccc(cc1)[Cl])c1cnccn1)C(CCNC(c1c2ccccc2n[nH]1)=O)=O,0
C1CCC(C1)C(Nc1cccc(CNC(C2CCCN2c2c3ccsc3ncn2)=O)c1)=O,0
Cc1cc(sc1C(O)=O)S(NCCc1nc2CCCCc2s1)(=O)=O,0
COc1cccc(c1)Oc1c(CNC(c2c3cccc(c3[nH]n2)OC)=O)cccn1,0
COc1cccc(c1)Oc1c(CNC(c2c3cccc(c3[nH]n2)OC)=O)cccn1,0
CCn1cc(cc1C(O)=O)S(NCc1cc(c2ccccc2)on1)(=O)=O,0
CCn1cc(cc1C(O)=O)S(NCc1cc(c2ccccc2)on1)(=O)=O,0
C1CNC(c2cc(ccc12)S(NC(c1ccc(cc1)C1(CC1)CN)=O)(=O)=O)=O,0
C1CC(C1)Cn1cc(CNS(c2ccc3c(c2)NC(CO3)=O)(=O)=O)cn1,0
CC(Nc1ncc(s1)S(NC(C1(CCC1)c1ccc(c(c1)[Cl])[Cl])=O)(=O)=O)=O,0
CC(Nc1ncc(s1)S(NC(C1(CCC1)c1ccc(c(c1)[Cl])[Cl])=O)(=O)=O)=O,0
C1CC(C(NCCC(N2CCCC2c2ccc3c(c2)OCCO3)=O)=O)NC1,0
CCCN1C(Nc2cc(ccc12)S(NC(C1(CC1)c1cccc(c1)OC)=O)(=O)=O)=O,0
CC(c1ccc2c(c1)NC(CO2)=O)NCC(Nc1cccc(c1)C(NC1CC1)=O)=O,0
CCS(N1CCC(CC1)(C(NCC(Nc1cccc2cccnc12)=O)=O)c1ccccc1)(=O)=O,0
C1CN(Cc2ccccc2)Cc2c1sc(NC(CNC(Cc1cccc3ccccc13)=O)=O)n2,0
C1CN(Cc2ccccc2)Cc2c1sc(NC(CNC(Cc1cccc3ccccc13)=O)=O)n2,0
C1CC1(C(NCc1cc(c2ccc(cc2F)F)on1)=O)c1cccc(c1)C(O)=O,0
C1CNC(c2cc(ccc12)S(Nc1cnn(c1)c1ccc(cc1)C(F)(F)F)(=O)=O)=O,0
C1Cc2c(CC1NC(CNC(C1c3ccccc3C(N1C1CC1)=O)=O)=O)cnc(c1ccccc1)n2,0
C1CCC(C1)CNC(NCC(NS(c1ccc2c(CCCO2)c1)(=O)=O)=O)=O,0
C1CC[C@H]([C@H](C1)n1cc(C(NCC(c2ccc(cc2)F)N2CCCC2)=O)nn1)N,0
C1Cc2cc(cc(c2C1)S(Nc1cnn(c1)c1ccc(cc1)F)(=O)=O)C(O)=O,0
CC1Cc2cc(cc(c2O1)[Cl])S(NC(c1cc2CCNCc2nc1)=O)(=O)=O,0
CC1Cc2cc(CC(NCc3cn(C[C@@H]4CCCN4)nn3)=O)ccc2O1,0
C(c1cc(c2ccccc2)no1)NS(c1ccc2c(c1)NC(CS2)=O)(=O)=O,0
C(c1cc(c2ccccc2)no1)NS(c1ccc2c(c1)NC(CS2)=O)(=O)=O,0
Cc1ccc(C(C)(C)CNC(c2c3CN(Cc3[nH]n2)C(=O)OC(C)(C)C)=O)nc1,0
COc1cc(c(cc1C(O)=O)[Cl])S(Nc1cnn(c1)C1CCCC1)(=O)=O,0
Cn1c(CNC(Cc2csc3ccccc23)C(O)=O)c2CCCCc2n1,0
CC(C)(C)OC(Nc1cccc2c1ccn2CC(NCC1CN(CCCO1)Cc1ccccc1)=O)=O,0
CC(C)(CNS(c1ccc2c(CCCC(N2)=O)c1)(=O)=O)c1ccc2c(c1)OCCO2,0
Cn1cc(cn1)C(C1CCC1)NC(CNC(N1CCc2ccccc2C1)=O)=O,0
CN1CCC(CC1)n1cc(cn1)NC(c1cc(c[nH]1)S(Nc1ccccc1F)(=O)=O)=O,0
CC(C)n1c2c(cc(cn2)C(NCC(C)(C(c2ccccc2)c2ccccc2)O)=O)cn1,0
C1Cc2cc(ccc2NC1=O)S(NC(c1c(c2ccccc2)nc(c2ccccc2)s1)=O)(=O)=O,0
C1Cc2cc(ccc2NC1=O)S(NC(c1c(c2ccccc2)nc(c2ccccc2)s1)=O)(=O)=O,0
C1C(Nc2cc(ccc2S1)S(Nc1cnn(c1)c1ccccc1)(=O)=O)=O,0
C1CC(C1)Cn1cc(NC(c2ccnc(c2)S(N)(=O)=O)=O)nc1,0
Cc1cccn2cc(CCNS(c3cc(c(cc3[Cl])C(O)=O)OC)(=O)=O)nc12,0
COc1ccccc1CN(Cc1nnc(c2ccccc2)o1)c1ccc2c(c1)NC(N2)=O,0
Cc1cc(ccc1C(O)=O)S(NCc1ccn(c2ccc(cc2)[Cl])n1)(=O)=O,0
C(c1ccccc1)N(c1ccc2c(c1)NC(N2)=O)S(c1cnn(c1)c1ccccc1)(=O)=O,0
C(c1cn(Cc2ccccc2)nc1c1ccccc1)NC(NCc1cn2cc(ccc2n1)[Cl])=O,0
C(c1cn(Cc2ccccc2)nc1c1ccccc1)NC(NCc1cn2cc(ccc2n1)[Cl])=O,0
